image_id,cluster
3,cluster_LynxID2025_71
5,cluster_LynxID2025_0
12,cluster_LynxID2025_72
13,cluster_LynxID2025_73
18,cluster_LynxID2025_74
19,cluster_LynxID2025_75
27,cluster_LynxID2025_76
33,cluster_LynxID2025_77
36,cluster_LynxID2025_78
45,cluster_LynxID2025_1
46,cluster_LynxID2025_79
47,cluster_LynxID2025_80
48,cluster_LynxID2025_2
49,cluster_LynxID2025_3
55,cluster_LynxID2025_81
58,cluster_LynxID2025_4
61,cluster_LynxID2025_5
62,cluster_LynxID2025_82
63,cluster_LynxID2025_6
64,cluster_LynxID2025_83
65,cluster_LynxID2025_84
67,cluster_LynxID2025_0
68,cluster_LynxID2025_85
74,cluster_LynxID2025_86
81,cluster_LynxID2025_7
84,cluster_LynxID2025_87
85,cluster_LynxID2025_0
86,cluster_LynxID2025_88
89,cluster_LynxID2025_89
90,cluster_LynxID2025_4
94,cluster_LynxID2025_90
97,cluster_LynxID2025_91
98,cluster_LynxID2025_92
106,cluster_LynxID2025_8
113,cluster_LynxID2025_0
123,cluster_LynxID2025_93
124,cluster_LynxID2025_94
126,cluster_LynxID2025_95
131,cluster_LynxID2025_96
137,cluster_LynxID2025_97
139,cluster_LynxID2025_98
145,cluster_LynxID2025_99
150,cluster_LynxID2025_100
163,cluster_LynxID2025_9
166,cluster_LynxID2025_10
167,cluster_LynxID2025_9
168,cluster_LynxID2025_101
171,cluster_LynxID2025_102
173,cluster_LynxID2025_11
182,cluster_LynxID2025_0
183,cluster_LynxID2025_103
186,cluster_LynxID2025_12
188,cluster_LynxID2025_5
190,cluster_LynxID2025_104
192,cluster_LynxID2025_13
195,cluster_LynxID2025_105
202,cluster_LynxID2025_106
203,cluster_LynxID2025_107
205,cluster_LynxID2025_14
209,cluster_LynxID2025_108
210,cluster_LynxID2025_109
213,cluster_LynxID2025_110
216,cluster_LynxID2025_111
219,cluster_LynxID2025_9
221,cluster_LynxID2025_15
228,cluster_LynxID2025_16
231,cluster_LynxID2025_17
240,cluster_LynxID2025_112
242,cluster_LynxID2025_113
245,cluster_LynxID2025_114
264,cluster_LynxID2025_115
266,cluster_LynxID2025_116
273,cluster_LynxID2025_117
276,cluster_LynxID2025_18
280,cluster_LynxID2025_118
282,cluster_LynxID2025_119
286,cluster_LynxID2025_0
289,cluster_LynxID2025_19
293,cluster_LynxID2025_20
294,cluster_LynxID2025_3
296,cluster_LynxID2025_21
311,cluster_LynxID2025_0
312,cluster_LynxID2025_120
315,cluster_LynxID2025_121
338,cluster_LynxID2025_122
347,cluster_LynxID2025_11
357,cluster_LynxID2025_123
359,cluster_LynxID2025_124
361,cluster_LynxID2025_125
366,cluster_LynxID2025_4
368,cluster_LynxID2025_126
373,cluster_LynxID2025_127
375,cluster_LynxID2025_128
378,cluster_LynxID2025_22
380,cluster_LynxID2025_23
397,cluster_LynxID2025_129
411,cluster_LynxID2025_4
415,cluster_LynxID2025_130
422,cluster_LynxID2025_131
423,cluster_LynxID2025_132
424,cluster_LynxID2025_133
427,cluster_LynxID2025_24
429,cluster_LynxID2025_24
431,cluster_LynxID2025_25
432,cluster_LynxID2025_26
437,cluster_LynxID2025_26
439,cluster_LynxID2025_134
443,cluster_LynxID2025_135
454,cluster_LynxID2025_136
459,cluster_LynxID2025_137
465,cluster_LynxID2025_138
469,cluster_LynxID2025_139
470,cluster_LynxID2025_140
474,cluster_LynxID2025_141
475,cluster_LynxID2025_142
478,cluster_LynxID2025_143
479,cluster_LynxID2025_144
480,cluster_LynxID2025_145
481,cluster_LynxID2025_27
482,cluster_LynxID2025_146
491,cluster_LynxID2025_0
494,cluster_LynxID2025_147
500,cluster_LynxID2025_4
501,cluster_LynxID2025_0
507,cluster_LynxID2025_28
509,cluster_LynxID2025_148
512,cluster_LynxID2025_149
515,cluster_LynxID2025_150
516,cluster_LynxID2025_151
519,cluster_LynxID2025_152
520,cluster_LynxID2025_153
522,cluster_LynxID2025_154
524,cluster_LynxID2025_29
526,cluster_LynxID2025_155
530,cluster_LynxID2025_9
537,cluster_LynxID2025_156
544,cluster_LynxID2025_157
547,cluster_LynxID2025_30
549,cluster_LynxID2025_158
551,cluster_LynxID2025_159
552,cluster_LynxID2025_160
555,cluster_LynxID2025_4
559,cluster_LynxID2025_161
562,cluster_LynxID2025_162
565,cluster_LynxID2025_163
567,cluster_LynxID2025_0
569,cluster_LynxID2025_164
570,cluster_LynxID2025_20
573,cluster_LynxID2025_165
577,cluster_LynxID2025_31
578,cluster_LynxID2025_32
579,cluster_LynxID2025_166
580,cluster_LynxID2025_167
583,cluster_LynxID2025_168
584,cluster_LynxID2025_169
588,cluster_LynxID2025_170
589,cluster_LynxID2025_171
591,cluster_LynxID2025_33
592,cluster_LynxID2025_172
594,cluster_LynxID2025_173
595,cluster_LynxID2025_174
599,cluster_LynxID2025_0
602,cluster_LynxID2025_0
603,cluster_LynxID2025_34
611,cluster_LynxID2025_175
620,cluster_LynxID2025_176
625,cluster_LynxID2025_177
626,cluster_LynxID2025_178
628,cluster_LynxID2025_179
630,cluster_LynxID2025_180
636,cluster_LynxID2025_181
643,cluster_LynxID2025_35
645,cluster_LynxID2025_182
648,cluster_LynxID2025_36
649,cluster_LynxID2025_9
651,cluster_LynxID2025_37
655,cluster_LynxID2025_183
656,cluster_LynxID2025_38
662,cluster_LynxID2025_184
669,cluster_LynxID2025_185
670,cluster_LynxID2025_4
672,cluster_LynxID2025_186
673,cluster_LynxID2025_187
676,cluster_LynxID2025_188
678,cluster_LynxID2025_189
683,cluster_LynxID2025_190
685,cluster_LynxID2025_39
690,cluster_LynxID2025_191
694,cluster_LynxID2025_38
699,cluster_LynxID2025_192
704,cluster_LynxID2025_20
707,cluster_LynxID2025_40
711,cluster_LynxID2025_34
712,cluster_LynxID2025_193
713,cluster_LynxID2025_194
715,cluster_LynxID2025_195
719,cluster_LynxID2025_41
722,cluster_LynxID2025_196
724,cluster_LynxID2025_10
726,cluster_LynxID2025_197
730,cluster_LynxID2025_198
734,cluster_LynxID2025_29
735,cluster_LynxID2025_199
738,cluster_LynxID2025_9
739,cluster_LynxID2025_0
741,cluster_LynxID2025_200
749,cluster_LynxID2025_201
750,cluster_LynxID2025_33
751,cluster_LynxID2025_37
753,cluster_LynxID2025_202
760,cluster_LynxID2025_203
761,cluster_LynxID2025_204
764,cluster_LynxID2025_37
766,cluster_LynxID2025_0
770,cluster_LynxID2025_205
776,cluster_LynxID2025_206
781,cluster_LynxID2025_0
782,cluster_LynxID2025_207
784,cluster_LynxID2025_208
786,cluster_LynxID2025_209
787,cluster_LynxID2025_0
790,cluster_LynxID2025_9
791,cluster_LynxID2025_36
793,cluster_LynxID2025_210
794,cluster_LynxID2025_40
795,cluster_LynxID2025_10
797,cluster_LynxID2025_42
798,cluster_LynxID2025_41
800,cluster_LynxID2025_43
804,cluster_LynxID2025_211
808,cluster_LynxID2025_41
817,cluster_LynxID2025_212
819,cluster_LynxID2025_0
824,cluster_LynxID2025_44
840,cluster_LynxID2025_33
849,cluster_LynxID2025_5
855,cluster_LynxID2025_213
859,cluster_LynxID2025_45
865,cluster_LynxID2025_214
871,cluster_LynxID2025_215
872,cluster_LynxID2025_216
874,cluster_LynxID2025_46
881,cluster_LynxID2025_217
886,cluster_LynxID2025_218
887,cluster_LynxID2025_219
893,cluster_LynxID2025_220
897,cluster_LynxID2025_221
904,cluster_LynxID2025_20
907,cluster_LynxID2025_222
915,cluster_LynxID2025_223
917,cluster_LynxID2025_224
920,cluster_LynxID2025_225
939,cluster_LynxID2025_226
941,cluster_LynxID2025_13
945,cluster_LynxID2025_227
951,cluster_LynxID2025_0
962,cluster_LynxID2025_228
963,cluster_LynxID2025_0
964,cluster_LynxID2025_229
969,cluster_LynxID2025_47
980,cluster_LynxID2025_20
983,cluster_LynxID2025_230
985,cluster_LynxID2025_231
990,cluster_LynxID2025_232
991,cluster_LynxID2025_24
992,cluster_LynxID2025_4
994,cluster_LynxID2025_233
995,cluster_LynxID2025_48
1000,cluster_LynxID2025_49
1001,cluster_LynxID2025_234
1005,cluster_LynxID2025_0
1006,cluster_LynxID2025_4
1008,cluster_LynxID2025_235
1011,cluster_LynxID2025_236
1012,cluster_LynxID2025_237
1013,cluster_LynxID2025_238
1019,cluster_LynxID2025_239
1021,cluster_LynxID2025_30
1031,cluster_LynxID2025_240
1034,cluster_LynxID2025_241
1039,cluster_LynxID2025_242
1042,cluster_LynxID2025_50
1045,cluster_LynxID2025_24
1046,cluster_LynxID2025_51
1047,cluster_LynxID2025_0
1048,cluster_LynxID2025_0
1053,cluster_LynxID2025_243
1055,cluster_LynxID2025_244
1057,cluster_LynxID2025_245
1060,cluster_LynxID2025_52
1064,cluster_LynxID2025_246
1065,cluster_LynxID2025_51
1068,cluster_LynxID2025_247
1069,cluster_LynxID2025_248
1071,cluster_LynxID2025_249
1075,cluster_LynxID2025_0
1089,cluster_LynxID2025_51
1090,cluster_LynxID2025_0
1094,cluster_LynxID2025_250
1095,cluster_LynxID2025_251
1096,cluster_LynxID2025_7
1107,cluster_LynxID2025_252
1108,cluster_LynxID2025_253
1111,cluster_LynxID2025_254
1115,cluster_LynxID2025_255
1119,cluster_LynxID2025_256
1120,cluster_LynxID2025_257
1122,cluster_LynxID2025_258
1131,cluster_LynxID2025_259
1135,cluster_LynxID2025_260
1137,cluster_LynxID2025_14
1139,cluster_LynxID2025_261
1143,cluster_LynxID2025_262
1147,cluster_LynxID2025_263
1153,cluster_LynxID2025_53
1154,cluster_LynxID2025_40
1162,cluster_LynxID2025_264
1163,cluster_LynxID2025_265
1164,cluster_LynxID2025_266
1175,cluster_LynxID2025_267
1182,cluster_LynxID2025_268
1191,cluster_LynxID2025_269
1192,cluster_LynxID2025_45
1197,cluster_LynxID2025_270
1198,cluster_LynxID2025_271
1203,cluster_LynxID2025_272
1205,cluster_LynxID2025_273
1207,cluster_LynxID2025_274
1209,cluster_LynxID2025_9
1211,cluster_LynxID2025_0
1213,cluster_LynxID2025_275
1214,cluster_LynxID2025_54
1221,cluster_LynxID2025_276
1223,cluster_LynxID2025_277
1225,cluster_LynxID2025_278
1232,cluster_LynxID2025_279
1233,cluster_LynxID2025_37
1234,cluster_LynxID2025_280
1235,cluster_LynxID2025_281
1237,cluster_LynxID2025_282
1245,cluster_LynxID2025_283
1247,cluster_LynxID2025_284
1248,cluster_LynxID2025_285
1249,cluster_LynxID2025_286
1255,cluster_LynxID2025_287
1259,cluster_LynxID2025_288
1264,cluster_LynxID2025_289
1266,cluster_LynxID2025_19
1267,cluster_LynxID2025_290
1270,cluster_LynxID2025_291
1271,cluster_LynxID2025_292
1277,cluster_LynxID2025_55
1278,cluster_LynxID2025_293
1280,cluster_LynxID2025_0
1288,cluster_LynxID2025_51
1297,cluster_LynxID2025_56
1309,cluster_LynxID2025_294
1311,cluster_LynxID2025_295
1313,cluster_LynxID2025_57
1318,cluster_LynxID2025_47
1322,cluster_LynxID2025_296
1325,cluster_LynxID2025_0
1330,cluster_LynxID2025_297
1335,cluster_LynxID2025_298
1343,cluster_LynxID2025_299
1345,cluster_LynxID2025_300
1349,cluster_LynxID2025_301
1351,cluster_LynxID2025_41
1353,cluster_LynxID2025_302
1363,cluster_LynxID2025_303
1367,cluster_LynxID2025_21
1368,cluster_LynxID2025_304
1370,cluster_LynxID2025_58
1371,cluster_LynxID2025_305
1375,cluster_LynxID2025_59
1385,cluster_LynxID2025_33
1388,cluster_LynxID2025_306
1392,cluster_LynxID2025_34
1394,cluster_LynxID2025_307
1399,cluster_LynxID2025_308
1403,cluster_LynxID2025_309
1406,cluster_LynxID2025_310
1410,cluster_LynxID2025_17
1413,cluster_LynxID2025_311
1416,cluster_LynxID2025_312
1421,cluster_LynxID2025_313
1425,cluster_LynxID2025_0
1427,cluster_LynxID2025_23
1428,cluster_LynxID2025_314
1431,cluster_LynxID2025_315
1432,cluster_LynxID2025_316
1433,cluster_LynxID2025_317
1439,cluster_LynxID2025_52
1441,cluster_LynxID2025_32
1444,cluster_LynxID2025_318
1447,cluster_LynxID2025_319
1453,cluster_LynxID2025_0
1454,cluster_LynxID2025_9
1455,cluster_LynxID2025_35
1457,cluster_LynxID2025_9
1465,cluster_LynxID2025_23
1466,cluster_LynxID2025_320
1474,cluster_LynxID2025_321
1475,cluster_LynxID2025_14
1491,cluster_LynxID2025_322
1492,cluster_LynxID2025_323
1493,cluster_LynxID2025_324
1494,cluster_LynxID2025_325
1504,cluster_LynxID2025_326
1509,cluster_LynxID2025_9
1513,cluster_LynxID2025_327
1525,cluster_LynxID2025_328
1526,cluster_LynxID2025_329
1527,cluster_LynxID2025_10
1538,cluster_LynxID2025_45
1539,cluster_LynxID2025_330
1541,cluster_LynxID2025_20
1545,cluster_LynxID2025_51
1546,cluster_LynxID2025_331
1547,cluster_LynxID2025_56
1550,cluster_LynxID2025_60
1557,cluster_LynxID2025_43
1559,cluster_LynxID2025_332
1566,cluster_LynxID2025_333
1573,cluster_LynxID2025_10
1574,cluster_LynxID2025_334
1575,cluster_LynxID2025_335
1578,cluster_LynxID2025_336
1580,cluster_LynxID2025_337
1583,cluster_LynxID2025_338
1585,cluster_LynxID2025_23
1586,cluster_LynxID2025_339
1588,cluster_LynxID2025_340
1592,cluster_LynxID2025_60
1594,cluster_LynxID2025_341
1596,cluster_LynxID2025_342
1600,cluster_LynxID2025_343
1607,cluster_LynxID2025_40
1610,cluster_LynxID2025_37
1612,cluster_LynxID2025_0
1615,cluster_LynxID2025_344
1616,cluster_LynxID2025_0
1619,cluster_LynxID2025_345
1621,cluster_LynxID2025_24
1625,cluster_LynxID2025_33
1628,cluster_LynxID2025_346
1631,cluster_LynxID2025_347
1632,cluster_LynxID2025_348
1641,cluster_LynxID2025_349
1643,cluster_LynxID2025_30
1651,cluster_LynxID2025_350
1652,cluster_LynxID2025_0
1659,cluster_LynxID2025_351
1660,cluster_LynxID2025_10
1666,cluster_LynxID2025_61
1673,cluster_LynxID2025_61
1674,cluster_LynxID2025_352
1681,cluster_LynxID2025_353
1684,cluster_LynxID2025_354
1688,cluster_LynxID2025_51
1689,cluster_LynxID2025_62
1694,cluster_LynxID2025_34
1701,cluster_LynxID2025_355
1704,cluster_LynxID2025_356
1714,cluster_LynxID2025_357
1725,cluster_LynxID2025_358
1726,cluster_LynxID2025_359
1728,cluster_LynxID2025_360
1735,cluster_LynxID2025_361
1743,cluster_LynxID2025_58
1744,cluster_LynxID2025_362
1749,cluster_LynxID2025_0
1759,cluster_LynxID2025_63
1774,cluster_LynxID2025_0
1776,cluster_LynxID2025_10
1777,cluster_LynxID2025_21
1790,cluster_LynxID2025_53
1795,cluster_LynxID2025_20
1804,cluster_LynxID2025_363
1806,cluster_LynxID2025_364
1812,cluster_LynxID2025_365
1818,cluster_LynxID2025_366
1820,cluster_LynxID2025_367
1823,cluster_LynxID2025_368
1829,cluster_LynxID2025_0
1834,cluster_LynxID2025_9
1835,cluster_LynxID2025_42
1836,cluster_LynxID2025_64
1840,cluster_LynxID2025_33
1843,cluster_LynxID2025_0
1854,cluster_LynxID2025_369
1861,cluster_LynxID2025_370
1867,cluster_LynxID2025_8
1869,cluster_LynxID2025_371
1870,cluster_LynxID2025_372
1871,cluster_LynxID2025_10
1873,cluster_LynxID2025_373
1874,cluster_LynxID2025_14
1878,cluster_LynxID2025_374
1892,cluster_LynxID2025_375
1894,cluster_LynxID2025_376
1897,cluster_LynxID2025_377
1899,cluster_LynxID2025_378
1901,cluster_LynxID2025_41
1903,cluster_LynxID2025_379
1913,cluster_LynxID2025_380
1917,cluster_LynxID2025_381
1921,cluster_LynxID2025_382
1923,cluster_LynxID2025_383
1925,cluster_LynxID2025_384
1930,cluster_LynxID2025_0
1935,cluster_LynxID2025_0
1936,cluster_LynxID2025_0
1937,cluster_LynxID2025_385
1939,cluster_LynxID2025_386
1941,cluster_LynxID2025_387
1943,cluster_LynxID2025_0
1945,cluster_LynxID2025_388
1951,cluster_LynxID2025_389
1955,cluster_LynxID2025_390
1957,cluster_LynxID2025_391
1961,cluster_LynxID2025_392
1965,cluster_LynxID2025_14
1969,cluster_LynxID2025_393
1971,cluster_LynxID2025_63
1975,cluster_LynxID2025_394
1981,cluster_LynxID2025_10
1985,cluster_LynxID2025_395
1991,cluster_LynxID2025_5
2005,cluster_LynxID2025_396
2007,cluster_LynxID2025_55
2008,cluster_LynxID2025_3
2014,cluster_LynxID2025_397
2029,cluster_LynxID2025_398
2030,cluster_LynxID2025_60
2035,cluster_LynxID2025_399
2037,cluster_LynxID2025_400
2038,cluster_LynxID2025_401
2040,cluster_LynxID2025_19
2044,cluster_LynxID2025_402
2049,cluster_LynxID2025_403
2057,cluster_LynxID2025_404
2058,cluster_LynxID2025_50
2078,cluster_LynxID2025_65
2079,cluster_LynxID2025_405
2081,cluster_LynxID2025_406
2082,cluster_LynxID2025_407
2086,cluster_LynxID2025_408
2090,cluster_LynxID2025_409
2091,cluster_LynxID2025_410
2105,cluster_LynxID2025_5
2106,cluster_LynxID2025_411
2107,cluster_LynxID2025_51
2110,cluster_LynxID2025_412
2117,cluster_LynxID2025_413
2118,cluster_LynxID2025_414
2119,cluster_LynxID2025_415
2124,cluster_LynxID2025_416
2127,cluster_LynxID2025_417
2129,cluster_LynxID2025_9
2136,cluster_LynxID2025_418
2137,cluster_LynxID2025_36
2144,cluster_LynxID2025_419
2146,cluster_LynxID2025_42
2151,cluster_LynxID2025_420
2161,cluster_LynxID2025_421
2164,cluster_LynxID2025_422
2166,cluster_LynxID2025_423
2169,cluster_LynxID2025_424
2170,cluster_LynxID2025_4
2174,cluster_LynxID2025_425
2178,cluster_LynxID2025_426
2184,cluster_LynxID2025_427
2190,cluster_LynxID2025_428
2196,cluster_LynxID2025_66
2198,cluster_LynxID2025_51
2200,cluster_LynxID2025_429
2205,cluster_LynxID2025_22
2207,cluster_LynxID2025_430
2208,cluster_LynxID2025_9
2219,cluster_LynxID2025_431
2220,cluster_LynxID2025_21
2222,cluster_LynxID2025_432
2226,cluster_LynxID2025_433
2228,cluster_LynxID2025_64
2231,cluster_LynxID2025_57
2232,cluster_LynxID2025_434
2235,cluster_LynxID2025_435
2246,cluster_LynxID2025_18
2248,cluster_LynxID2025_10
2257,cluster_LynxID2025_436
2265,cluster_LynxID2025_437
2268,cluster_LynxID2025_438
2272,cluster_LynxID2025_67
2283,cluster_LynxID2025_439
2290,cluster_LynxID2025_440
2292,cluster_LynxID2025_441
2293,cluster_LynxID2025_51
2294,cluster_LynxID2025_48
2301,cluster_LynxID2025_52
2303,cluster_LynxID2025_442
2307,cluster_LynxID2025_443
2313,cluster_LynxID2025_444
2320,cluster_LynxID2025_445
2322,cluster_LynxID2025_446
2324,cluster_LynxID2025_68
2326,cluster_LynxID2025_447
2330,cluster_LynxID2025_448
2336,cluster_LynxID2025_449
2338,cluster_LynxID2025_450
2343,cluster_LynxID2025_451
2369,cluster_LynxID2025_452
2375,cluster_LynxID2025_453
2379,cluster_LynxID2025_454
2385,cluster_LynxID2025_45
2388,cluster_LynxID2025_455
2389,cluster_LynxID2025_33
2390,cluster_LynxID2025_456
2399,cluster_LynxID2025_40
2403,cluster_LynxID2025_457
2404,cluster_LynxID2025_458
2406,cluster_LynxID2025_459
2408,cluster_LynxID2025_460
2409,cluster_LynxID2025_461
2411,cluster_LynxID2025_0
2426,cluster_LynxID2025_31
2435,cluster_LynxID2025_462
2437,cluster_LynxID2025_463
2441,cluster_LynxID2025_464
2469,cluster_LynxID2025_465
2472,cluster_LynxID2025_0
2473,cluster_LynxID2025_466
2477,cluster_LynxID2025_467
2478,cluster_LynxID2025_41
2487,cluster_LynxID2025_41
2491,cluster_LynxID2025_468
2495,cluster_LynxID2025_469
2496,cluster_LynxID2025_470
2501,cluster_LynxID2025_471
2511,cluster_LynxID2025_472
2512,cluster_LynxID2025_473
2518,cluster_LynxID2025_474
2525,cluster_LynxID2025_475
2527,cluster_LynxID2025_476
2529,cluster_LynxID2025_477
2530,cluster_LynxID2025_2
2534,cluster_LynxID2025_478
2544,cluster_LynxID2025_479
2545,cluster_LynxID2025_480
2546,cluster_LynxID2025_481
2549,cluster_LynxID2025_0
2552,cluster_LynxID2025_482
2554,cluster_LynxID2025_483
2555,cluster_LynxID2025_54
2562,cluster_LynxID2025_484
2564,cluster_LynxID2025_485
2580,cluster_LynxID2025_10
2591,cluster_LynxID2025_486
2592,cluster_LynxID2025_487
2601,cluster_LynxID2025_6
2606,cluster_LynxID2025_488
2613,cluster_LynxID2025_489
2625,cluster_LynxID2025_52
2626,cluster_LynxID2025_490
2631,cluster_LynxID2025_491
2638,cluster_LynxID2025_492
2643,cluster_LynxID2025_493
2644,cluster_LynxID2025_494
2648,cluster_LynxID2025_39
2654,cluster_LynxID2025_495
2655,cluster_LynxID2025_496
2657,cluster_LynxID2025_497
2687,cluster_LynxID2025_498
2689,cluster_LynxID2025_499
2705,cluster_LynxID2025_0
2706,cluster_LynxID2025_500
2709,cluster_LynxID2025_501
2713,cluster_LynxID2025_502
2718,cluster_LynxID2025_503
2721,cluster_LynxID2025_504
2724,cluster_LynxID2025_30
2725,cluster_LynxID2025_505
2726,cluster_LynxID2025_506
2731,cluster_LynxID2025_507
2733,cluster_LynxID2025_57
2734,cluster_LynxID2025_508
2744,cluster_LynxID2025_509
2754,cluster_LynxID2025_510
2758,cluster_LynxID2025_511
2759,cluster_LynxID2025_512
2760,cluster_LynxID2025_51
2770,cluster_LynxID2025_513
2787,cluster_LynxID2025_514
2789,cluster_LynxID2025_515
2790,cluster_LynxID2025_516
2794,cluster_LynxID2025_0
2797,cluster_LynxID2025_517
2801,cluster_LynxID2025_518
2803,cluster_LynxID2025_519
2807,cluster_LynxID2025_11
2811,cluster_LynxID2025_0
2812,cluster_LynxID2025_520
2823,cluster_LynxID2025_46
2829,cluster_LynxID2025_521
2831,cluster_LynxID2025_522
2834,cluster_LynxID2025_0
2840,cluster_LynxID2025_0
2841,cluster_LynxID2025_30
2844,cluster_LynxID2025_523
2845,cluster_LynxID2025_524
2846,cluster_LynxID2025_525
2847,cluster_LynxID2025_526
2848,cluster_LynxID2025_17
2851,cluster_LynxID2025_4
2865,cluster_LynxID2025_9
2871,cluster_LynxID2025_18
2873,cluster_LynxID2025_527
2876,cluster_LynxID2025_528
2889,cluster_LynxID2025_15
2893,cluster_LynxID2025_529
2894,cluster_LynxID2025_530
2896,cluster_LynxID2025_4
2914,cluster_LynxID2025_531
2920,cluster_LynxID2025_532
2921,cluster_LynxID2025_533
2933,cluster_LynxID2025_534
2934,cluster_LynxID2025_535
2942,cluster_LynxID2025_536
2948,cluster_LynxID2025_537
2949,cluster_LynxID2025_538
2951,cluster_LynxID2025_539
2952,cluster_LynxID2025_45
2957,cluster_LynxID2025_10
2961,cluster_LynxID2025_10
2963,cluster_LynxID2025_540
2968,cluster_LynxID2025_33
2973,cluster_LynxID2025_57
2976,cluster_LynxID2025_541
2978,cluster_LynxID2025_542
2981,cluster_LynxID2025_543
2985,cluster_LynxID2025_0
2999,cluster_LynxID2025_544
3001,cluster_LynxID2025_545
3003,cluster_LynxID2025_546
3007,cluster_LynxID2025_547
3013,cluster_LynxID2025_548
3014,cluster_LynxID2025_549
3018,cluster_LynxID2025_550
3020,cluster_LynxID2025_57
3021,cluster_LynxID2025_40
3027,cluster_LynxID2025_551
3029,cluster_LynxID2025_552
3032,cluster_LynxID2025_553
3034,cluster_LynxID2025_554
3035,cluster_LynxID2025_555
3036,cluster_LynxID2025_57
3037,cluster_LynxID2025_556
3038,cluster_LynxID2025_41
3045,cluster_LynxID2025_557
3046,cluster_LynxID2025_69
3055,cluster_LynxID2025_558
3059,cluster_LynxID2025_559
3069,cluster_LynxID2025_20
3074,cluster_LynxID2025_560
3086,cluster_LynxID2025_41
3090,cluster_LynxID2025_44
3091,cluster_LynxID2025_1
3097,cluster_LynxID2025_561
3099,cluster_LynxID2025_562
3106,cluster_LynxID2025_563
3108,cluster_LynxID2025_0
3111,cluster_LynxID2025_564
3116,cluster_LynxID2025_565
3118,cluster_LynxID2025_566
3130,cluster_LynxID2025_567
3133,cluster_LynxID2025_3
3138,cluster_LynxID2025_40
3142,cluster_LynxID2025_568
3144,cluster_LynxID2025_58
3153,cluster_LynxID2025_10
3155,cluster_LynxID2025_0
3156,cluster_LynxID2025_569
3157,cluster_LynxID2025_570
3167,cluster_LynxID2025_20
3177,cluster_LynxID2025_571
3178,cluster_LynxID2025_572
3181,cluster_LynxID2025_573
3183,cluster_LynxID2025_20
3193,cluster_LynxID2025_14
3201,cluster_LynxID2025_574
3204,cluster_LynxID2025_575
3205,cluster_LynxID2025_576
3215,cluster_LynxID2025_9
3217,cluster_LynxID2025_42
3220,cluster_LynxID2025_577
3221,cluster_LynxID2025_578
3222,cluster_LynxID2025_579
3231,cluster_LynxID2025_57
3232,cluster_LynxID2025_580
3239,cluster_LynxID2025_581
3242,cluster_LynxID2025_582
3245,cluster_LynxID2025_9
3249,cluster_LynxID2025_0
3256,cluster_LynxID2025_583
3259,cluster_LynxID2025_584
3261,cluster_LynxID2025_62
3263,cluster_LynxID2025_585
3267,cluster_LynxID2025_586
3270,cluster_LynxID2025_70
3274,cluster_LynxID2025_587
3277,cluster_LynxID2025_0
3281,cluster_LynxID2025_588
3284,cluster_LynxID2025_589
3286,cluster_LynxID2025_590
3287,cluster_LynxID2025_591
3297,cluster_LynxID2025_10
3305,cluster_LynxID2025_70
3310,cluster_LynxID2025_592
3314,cluster_LynxID2025_593
3323,cluster_LynxID2025_594
3331,cluster_LynxID2025_62
3335,cluster_LynxID2025_34
3338,cluster_LynxID2025_595
3339,cluster_LynxID2025_596
3344,cluster_LynxID2025_9
3348,cluster_LynxID2025_597
3352,cluster_LynxID2025_598
3353,cluster_LynxID2025_0
3356,cluster_LynxID2025_599
3357,cluster_LynxID2025_8
3358,cluster_LynxID2025_600
3366,cluster_LynxID2025_601
3372,cluster_LynxID2025_602
3380,cluster_LynxID2025_10
3382,cluster_LynxID2025_0
3386,cluster_LynxID2025_603
3389,cluster_LynxID2025_604
3390,cluster_LynxID2025_605
3400,cluster_LynxID2025_606
3401,cluster_LynxID2025_607
3409,cluster_LynxID2025_608
3412,cluster_LynxID2025_609
3416,cluster_LynxID2025_59
3418,cluster_LynxID2025_10
3420,cluster_LynxID2025_610
3424,cluster_LynxID2025_611
3427,cluster_LynxID2025_41
3429,cluster_LynxID2025_68
3434,cluster_LynxID2025_612
3435,cluster_LynxID2025_613
3436,cluster_LynxID2025_10
3437,cluster_LynxID2025_29
3439,cluster_LynxID2025_14
3441,cluster_LynxID2025_614
3446,cluster_LynxID2025_615
3449,cluster_LynxID2025_616
3450,cluster_LynxID2025_617
3452,cluster_LynxID2025_30
3469,cluster_LynxID2025_618
3474,cluster_LynxID2025_12
3477,cluster_LynxID2025_41
3480,cluster_LynxID2025_20
3481,cluster_LynxID2025_619
3484,cluster_LynxID2025_0
3487,cluster_LynxID2025_620
3490,cluster_LynxID2025_621
3494,cluster_LynxID2025_46
3497,cluster_LynxID2025_622
3500,cluster_LynxID2025_623
3501,cluster_LynxID2025_66
3502,cluster_LynxID2025_624
3508,cluster_LynxID2025_625
3511,cluster_LynxID2025_626
3513,cluster_LynxID2025_8
3521,cluster_LynxID2025_9
3524,cluster_LynxID2025_57
3526,cluster_LynxID2025_627
3529,cluster_LynxID2025_4
3530,cluster_LynxID2025_628
3539,cluster_LynxID2025_629
3540,cluster_LynxID2025_630
3542,cluster_LynxID2025_69
3545,cluster_LynxID2025_25
3548,cluster_LynxID2025_44
3550,cluster_LynxID2025_631
3565,cluster_LynxID2025_20
3566,cluster_LynxID2025_632
3568,cluster_LynxID2025_633
3570,cluster_LynxID2025_634
3574,cluster_LynxID2025_37
3582,cluster_LynxID2025_4
3585,cluster_LynxID2025_635
3595,cluster_LynxID2025_30
3597,cluster_LynxID2025_41
3605,cluster_LynxID2025_636
3626,cluster_LynxID2025_637
3633,cluster_LynxID2025_638
3638,cluster_LynxID2025_65
3643,cluster_LynxID2025_14
3645,cluster_LynxID2025_639
3648,cluster_LynxID2025_4
3654,cluster_LynxID2025_640
3655,cluster_LynxID2025_641
3657,cluster_LynxID2025_642
3660,cluster_LynxID2025_643
3666,cluster_LynxID2025_28
3670,cluster_LynxID2025_644
3672,cluster_LynxID2025_0
3675,cluster_LynxID2025_645
3676,cluster_LynxID2025_646
3677,cluster_LynxID2025_0
3682,cluster_LynxID2025_647
3690,cluster_LynxID2025_0
3691,cluster_LynxID2025_0
3692,cluster_LynxID2025_27
3696,cluster_LynxID2025_648
3698,cluster_LynxID2025_649
3706,cluster_LynxID2025_0
3725,cluster_LynxID2025_650
3727,cluster_LynxID2025_41
3729,cluster_LynxID2025_651
3739,cluster_LynxID2025_67
3749,cluster_LynxID2025_652
3750,cluster_LynxID2025_653
3762,cluster_LynxID2025_654
3763,cluster_LynxID2025_655
3766,cluster_LynxID2025_656
3768,cluster_LynxID2025_657
3793,cluster_LynxID2025_658
3794,cluster_LynxID2025_14
3808,cluster_LynxID2025_659
3822,cluster_LynxID2025_33
3823,cluster_LynxID2025_660
3836,cluster_LynxID2025_661
3837,cluster_LynxID2025_662
3849,cluster_LynxID2025_49
3861,cluster_LynxID2025_4
3862,cluster_LynxID2025_663
3866,cluster_LynxID2025_16
3867,cluster_LynxID2025_664
3874,cluster_LynxID2025_665
3876,cluster_LynxID2025_42
3887,cluster_LynxID2025_666
3897,cluster_LynxID2025_667
3900,cluster_LynxID2025_668
3902,cluster_LynxID2025_669
5291,cluster_SalamanderID2025_28
5292,cluster_SalamanderID2025_0
5293,cluster_SalamanderID2025_29
5294,cluster_SalamanderID2025_30
5295,cluster_SalamanderID2025_31
5296,cluster_SalamanderID2025_1
5297,cluster_SalamanderID2025_32
5298,cluster_SalamanderID2025_1
5299,cluster_SalamanderID2025_33
5300,cluster_SalamanderID2025_34
5301,cluster_SalamanderID2025_35
5302,cluster_SalamanderID2025_36
5303,cluster_SalamanderID2025_37
5304,cluster_SalamanderID2025_38
5305,cluster_SalamanderID2025_39
5306,cluster_SalamanderID2025_40
5307,cluster_SalamanderID2025_41
5308,cluster_SalamanderID2025_42
5309,cluster_SalamanderID2025_43
5310,cluster_SalamanderID2025_44
5311,cluster_SalamanderID2025_2
5312,cluster_SalamanderID2025_45
5313,cluster_SalamanderID2025_2
5314,cluster_SalamanderID2025_46
5315,cluster_SalamanderID2025_2
5316,cluster_SalamanderID2025_47
5317,cluster_SalamanderID2025_48
5318,cluster_SalamanderID2025_49
5319,cluster_SalamanderID2025_50
5320,cluster_SalamanderID2025_51
5321,cluster_SalamanderID2025_52
5322,cluster_SalamanderID2025_53
5323,cluster_SalamanderID2025_54
5324,cluster_SalamanderID2025_55
5325,cluster_SalamanderID2025_56
5326,cluster_SalamanderID2025_57
5327,cluster_SalamanderID2025_58
5328,cluster_SalamanderID2025_59
5329,cluster_SalamanderID2025_60
5330,cluster_SalamanderID2025_61
5331,cluster_SalamanderID2025_3
5332,cluster_SalamanderID2025_62
5333,cluster_SalamanderID2025_63
5334,cluster_SalamanderID2025_64
5335,cluster_SalamanderID2025_65
5336,cluster_SalamanderID2025_66
5337,cluster_SalamanderID2025_67
5338,cluster_SalamanderID2025_68
5339,cluster_SalamanderID2025_69
5340,cluster_SalamanderID2025_70
5341,cluster_SalamanderID2025_71
5342,cluster_SalamanderID2025_72
5343,cluster_SalamanderID2025_4
5344,cluster_SalamanderID2025_5
5345,cluster_SalamanderID2025_73
5346,cluster_SalamanderID2025_4
5347,cluster_SalamanderID2025_74
5348,cluster_SalamanderID2025_75
5349,cluster_SalamanderID2025_76
5350,cluster_SalamanderID2025_77
5351,cluster_SalamanderID2025_6
5352,cluster_SalamanderID2025_78
5353,cluster_SalamanderID2025_79
5354,cluster_SalamanderID2025_80
5355,cluster_SalamanderID2025_81
5356,cluster_SalamanderID2025_82
5357,cluster_SalamanderID2025_83
5358,cluster_SalamanderID2025_84
5359,cluster_SalamanderID2025_7
5360,cluster_SalamanderID2025_8
5361,cluster_SalamanderID2025_85
5362,cluster_SalamanderID2025_86
5363,cluster_SalamanderID2025_87
5364,cluster_SalamanderID2025_88
5365,cluster_SalamanderID2025_7
5366,cluster_SalamanderID2025_89
5367,cluster_SalamanderID2025_90
5368,cluster_SalamanderID2025_91
5369,cluster_SalamanderID2025_92
5370,cluster_SalamanderID2025_93
5371,cluster_SalamanderID2025_94
5372,cluster_SalamanderID2025_95
5373,cluster_SalamanderID2025_96
5374,cluster_SalamanderID2025_97
5375,cluster_SalamanderID2025_98
5376,cluster_SalamanderID2025_99
5377,cluster_SalamanderID2025_100
5378,cluster_SalamanderID2025_101
5379,cluster_SalamanderID2025_9
5380,cluster_SalamanderID2025_102
5381,cluster_SalamanderID2025_103
5382,cluster_SalamanderID2025_104
5383,cluster_SalamanderID2025_105
5384,cluster_SalamanderID2025_106
5385,cluster_SalamanderID2025_107
5386,cluster_SalamanderID2025_9
5387,cluster_SalamanderID2025_108
5388,cluster_SalamanderID2025_109
5389,cluster_SalamanderID2025_110
5390,cluster_SalamanderID2025_111
5391,cluster_SalamanderID2025_112
5392,cluster_SalamanderID2025_113
5393,cluster_SalamanderID2025_114
5394,cluster_SalamanderID2025_115
5395,cluster_SalamanderID2025_116
5396,cluster_SalamanderID2025_117
5397,cluster_SalamanderID2025_118
5398,cluster_SalamanderID2025_119
5399,cluster_SalamanderID2025_120
5400,cluster_SalamanderID2025_121
5401,cluster_SalamanderID2025_122
5402,cluster_SalamanderID2025_123
5403,cluster_SalamanderID2025_124
5404,cluster_SalamanderID2025_125
5405,cluster_SalamanderID2025_126
5406,cluster_SalamanderID2025_127
5407,cluster_SalamanderID2025_128
5408,cluster_SalamanderID2025_10
5409,cluster_SalamanderID2025_129
5410,cluster_SalamanderID2025_10
5411,cluster_SalamanderID2025_130
5412,cluster_SalamanderID2025_131
5413,cluster_SalamanderID2025_132
5414,cluster_SalamanderID2025_5
5415,cluster_SalamanderID2025_133
5416,cluster_SalamanderID2025_11
5417,cluster_SalamanderID2025_134
5418,cluster_SalamanderID2025_11
5419,cluster_SalamanderID2025_135
5420,cluster_SalamanderID2025_12
5421,cluster_SalamanderID2025_12
5422,cluster_SalamanderID2025_12
5423,cluster_SalamanderID2025_136
5424,cluster_SalamanderID2025_137
5425,cluster_SalamanderID2025_138
5426,cluster_SalamanderID2025_139
5427,cluster_SalamanderID2025_140
5428,cluster_SalamanderID2025_141
5429,cluster_SalamanderID2025_13
5430,cluster_SalamanderID2025_142
5431,cluster_SalamanderID2025_13
5432,cluster_SalamanderID2025_143
5433,cluster_SalamanderID2025_144
5434,cluster_SalamanderID2025_145
5435,cluster_SalamanderID2025_146
5436,cluster_SalamanderID2025_147
5437,cluster_SalamanderID2025_148
5438,cluster_SalamanderID2025_149
5439,cluster_SalamanderID2025_150
5440,cluster_SalamanderID2025_151
5441,cluster_SalamanderID2025_152
5442,cluster_SalamanderID2025_153
5443,cluster_SalamanderID2025_154
5444,cluster_SalamanderID2025_155
5445,cluster_SalamanderID2025_156
5446,cluster_SalamanderID2025_157
5447,cluster_SalamanderID2025_158
5448,cluster_SalamanderID2025_159
5449,cluster_SalamanderID2025_160
5450,cluster_SalamanderID2025_161
5451,cluster_SalamanderID2025_162
5452,cluster_SalamanderID2025_163
5453,cluster_SalamanderID2025_164
5454,cluster_SalamanderID2025_165
5455,cluster_SalamanderID2025_166
5456,cluster_SalamanderID2025_167
5457,cluster_SalamanderID2025_168
5458,cluster_SalamanderID2025_169
5459,cluster_SalamanderID2025_170
5460,cluster_SalamanderID2025_171
5461,cluster_SalamanderID2025_172
5462,cluster_SalamanderID2025_0
5463,cluster_SalamanderID2025_173
5464,cluster_SalamanderID2025_174
5465,cluster_SalamanderID2025_175
5466,cluster_SalamanderID2025_176
5467,cluster_SalamanderID2025_177
5468,cluster_SalamanderID2025_178
5469,cluster_SalamanderID2025_179
5470,cluster_SalamanderID2025_180
5471,cluster_SalamanderID2025_181
5472,cluster_SalamanderID2025_182
5473,cluster_SalamanderID2025_183
5474,cluster_SalamanderID2025_184
5475,cluster_SalamanderID2025_185
5476,cluster_SalamanderID2025_0
5477,cluster_SalamanderID2025_186
5478,cluster_SalamanderID2025_6
5479,cluster_SalamanderID2025_187
5480,cluster_SalamanderID2025_188
5481,cluster_SalamanderID2025_189
5482,cluster_SalamanderID2025_14
5483,cluster_SalamanderID2025_14
5484,cluster_SalamanderID2025_190
5485,cluster_SalamanderID2025_191
5486,cluster_SalamanderID2025_0
5487,cluster_SalamanderID2025_192
5488,cluster_SalamanderID2025_193
5489,cluster_SalamanderID2025_194
5490,cluster_SalamanderID2025_195
5491,cluster_SalamanderID2025_196
5492,cluster_SalamanderID2025_197
5493,cluster_SalamanderID2025_198
5494,cluster_SalamanderID2025_199
5495,cluster_SalamanderID2025_5
5496,cluster_SalamanderID2025_200
5497,cluster_SalamanderID2025_201
5498,cluster_SalamanderID2025_202
5499,cluster_SalamanderID2025_203
5500,cluster_SalamanderID2025_204
5501,cluster_SalamanderID2025_6
5502,cluster_SalamanderID2025_205
5503,cluster_SalamanderID2025_206
5504,cluster_SalamanderID2025_207
5505,cluster_SalamanderID2025_208
5506,cluster_SalamanderID2025_209
5507,cluster_SalamanderID2025_15
5508,cluster_SalamanderID2025_3
5509,cluster_SalamanderID2025_210
5510,cluster_SalamanderID2025_211
5511,cluster_SalamanderID2025_212
5512,cluster_SalamanderID2025_213
5513,cluster_SalamanderID2025_214
5514,cluster_SalamanderID2025_215
5515,cluster_SalamanderID2025_216
5516,cluster_SalamanderID2025_217
5517,cluster_SalamanderID2025_218
5518,cluster_SalamanderID2025_219
5519,cluster_SalamanderID2025_220
5520,cluster_SalamanderID2025_221
5521,cluster_SalamanderID2025_222
5522,cluster_SalamanderID2025_223
5523,cluster_SalamanderID2025_224
5524,cluster_SalamanderID2025_225
5525,cluster_SalamanderID2025_226
5526,cluster_SalamanderID2025_227
5527,cluster_SalamanderID2025_228
5528,cluster_SalamanderID2025_229
5529,cluster_SalamanderID2025_230
5530,cluster_SalamanderID2025_6
5531,cluster_SalamanderID2025_231
5532,cluster_SalamanderID2025_232
5533,cluster_SalamanderID2025_233
5534,cluster_SalamanderID2025_234
5535,cluster_SalamanderID2025_0
5536,cluster_SalamanderID2025_235
5537,cluster_SalamanderID2025_236
5538,cluster_SalamanderID2025_237
5539,cluster_SalamanderID2025_238
5540,cluster_SalamanderID2025_239
5541,cluster_SalamanderID2025_240
5542,cluster_SalamanderID2025_5
5543,cluster_SalamanderID2025_241
5544,cluster_SalamanderID2025_242
5545,cluster_SalamanderID2025_6
5546,cluster_SalamanderID2025_243
5547,cluster_SalamanderID2025_244
5548,cluster_SalamanderID2025_245
5549,cluster_SalamanderID2025_0
5550,cluster_SalamanderID2025_246
5551,cluster_SalamanderID2025_247
5552,cluster_SalamanderID2025_248
5553,cluster_SalamanderID2025_249
5554,cluster_SalamanderID2025_250
5555,cluster_SalamanderID2025_251
5556,cluster_SalamanderID2025_252
5557,cluster_SalamanderID2025_253
5558,cluster_SalamanderID2025_254
5559,cluster_SalamanderID2025_255
5560,cluster_SalamanderID2025_256
5561,cluster_SalamanderID2025_257
5562,cluster_SalamanderID2025_258
5563,cluster_SalamanderID2025_259
5564,cluster_SalamanderID2025_260
5565,cluster_SalamanderID2025_16
5566,cluster_SalamanderID2025_261
5567,cluster_SalamanderID2025_16
5568,cluster_SalamanderID2025_17
5569,cluster_SalamanderID2025_17
5570,cluster_SalamanderID2025_17
5571,cluster_SalamanderID2025_262
5572,cluster_SalamanderID2025_263
5573,cluster_SalamanderID2025_264
5574,cluster_SalamanderID2025_265
5575,cluster_SalamanderID2025_266
5576,cluster_SalamanderID2025_267
5577,cluster_SalamanderID2025_268
5578,cluster_SalamanderID2025_269
5579,cluster_SalamanderID2025_270
5580,cluster_SalamanderID2025_271
5581,cluster_SalamanderID2025_272
5582,cluster_SalamanderID2025_273
5583,cluster_SalamanderID2025_274
5584,cluster_SalamanderID2025_275
5585,cluster_SalamanderID2025_276
5586,cluster_SalamanderID2025_277
5587,cluster_SalamanderID2025_278
5588,cluster_SalamanderID2025_279
5589,cluster_SalamanderID2025_280
5590,cluster_SalamanderID2025_281
5591,cluster_SalamanderID2025_282
5592,cluster_SalamanderID2025_283
5593,cluster_SalamanderID2025_284
5594,cluster_SalamanderID2025_285
5595,cluster_SalamanderID2025_286
5596,cluster_SalamanderID2025_287
5597,cluster_SalamanderID2025_288
5598,cluster_SalamanderID2025_289
5599,cluster_SalamanderID2025_290
5600,cluster_SalamanderID2025_291
5601,cluster_SalamanderID2025_18
5602,cluster_SalamanderID2025_18
5603,cluster_SalamanderID2025_18
5604,cluster_SalamanderID2025_19
5605,cluster_SalamanderID2025_19
5606,cluster_SalamanderID2025_20
5607,cluster_SalamanderID2025_20
5608,cluster_SalamanderID2025_292
5609,cluster_SalamanderID2025_293
5610,cluster_SalamanderID2025_294
5611,cluster_SalamanderID2025_295
5612,cluster_SalamanderID2025_296
5613,cluster_SalamanderID2025_297
5614,cluster_SalamanderID2025_298
5615,cluster_SalamanderID2025_21
5616,cluster_SalamanderID2025_299
5617,cluster_SalamanderID2025_300
5618,cluster_SalamanderID2025_21
5619,cluster_SalamanderID2025_301
5620,cluster_SalamanderID2025_302
5621,cluster_SalamanderID2025_303
5622,cluster_SalamanderID2025_304
5623,cluster_SalamanderID2025_305
5624,cluster_SalamanderID2025_306
5625,cluster_SalamanderID2025_307
5626,cluster_SalamanderID2025_308
5627,cluster_SalamanderID2025_309
5628,cluster_SalamanderID2025_310
5629,cluster_SalamanderID2025_311
5630,cluster_SalamanderID2025_312
5631,cluster_SalamanderID2025_313
5632,cluster_SalamanderID2025_314
5633,cluster_SalamanderID2025_315
5634,cluster_SalamanderID2025_316
5635,cluster_SalamanderID2025_317
5636,cluster_SalamanderID2025_318
5637,cluster_SalamanderID2025_319
5638,cluster_SalamanderID2025_320
5639,cluster_SalamanderID2025_22
5640,cluster_SalamanderID2025_321
5641,cluster_SalamanderID2025_322
5642,cluster_SalamanderID2025_323
5643,cluster_SalamanderID2025_324
5644,cluster_SalamanderID2025_325
5645,cluster_SalamanderID2025_23
5646,cluster_SalamanderID2025_23
5647,cluster_SalamanderID2025_15
5648,cluster_SalamanderID2025_326
5649,cluster_SalamanderID2025_327
5650,cluster_SalamanderID2025_328
5651,cluster_SalamanderID2025_329
5652,cluster_SalamanderID2025_330
5653,cluster_SalamanderID2025_331
5654,cluster_SalamanderID2025_24
5655,cluster_SalamanderID2025_332
5656,cluster_SalamanderID2025_333
5657,cluster_SalamanderID2025_334
5658,cluster_SalamanderID2025_335
5659,cluster_SalamanderID2025_336
5660,cluster_SalamanderID2025_24
5661,cluster_SalamanderID2025_337
5662,cluster_SalamanderID2025_338
5663,cluster_SalamanderID2025_339
5664,cluster_SalamanderID2025_340
5665,cluster_SalamanderID2025_341
5666,cluster_SalamanderID2025_342
5667,cluster_SalamanderID2025_343
5668,cluster_SalamanderID2025_344
5669,cluster_SalamanderID2025_345
5670,cluster_SalamanderID2025_346
5671,cluster_SalamanderID2025_347
5672,cluster_SalamanderID2025_348
5673,cluster_SalamanderID2025_349
5674,cluster_SalamanderID2025_350
5675,cluster_SalamanderID2025_351
5676,cluster_SalamanderID2025_352
5677,cluster_SalamanderID2025_353
5678,cluster_SalamanderID2025_354
5679,cluster_SalamanderID2025_355
5680,cluster_SalamanderID2025_356
5681,cluster_SalamanderID2025_357
5682,cluster_SalamanderID2025_358
5683,cluster_SalamanderID2025_359
5684,cluster_SalamanderID2025_360
5685,cluster_SalamanderID2025_361
5686,cluster_SalamanderID2025_362
5687,cluster_SalamanderID2025_363
5688,cluster_SalamanderID2025_364
5689,cluster_SalamanderID2025_365
5690,cluster_SalamanderID2025_366
5691,cluster_SalamanderID2025_367
5692,cluster_SalamanderID2025_368
5693,cluster_SalamanderID2025_369
5694,cluster_SalamanderID2025_25
5695,cluster_SalamanderID2025_25
5696,cluster_SalamanderID2025_370
5697,cluster_SalamanderID2025_371
5698,cluster_SalamanderID2025_372
5699,cluster_SalamanderID2025_373
5700,cluster_SalamanderID2025_374
5701,cluster_SalamanderID2025_375
5702,cluster_SalamanderID2025_376
5703,cluster_SalamanderID2025_377
5704,cluster_SalamanderID2025_378
5705,cluster_SalamanderID2025_379
5706,cluster_SalamanderID2025_380
5707,cluster_SalamanderID2025_381
5708,cluster_SalamanderID2025_382
5709,cluster_SalamanderID2025_383
5710,cluster_SalamanderID2025_384
5711,cluster_SalamanderID2025_385
5712,cluster_SalamanderID2025_386
5713,cluster_SalamanderID2025_387
5714,cluster_SalamanderID2025_388
5715,cluster_SalamanderID2025_389
5716,cluster_SalamanderID2025_390
5717,cluster_SalamanderID2025_391
5718,cluster_SalamanderID2025_392
5719,cluster_SalamanderID2025_393
5720,cluster_SalamanderID2025_394
5721,cluster_SalamanderID2025_395
5722,cluster_SalamanderID2025_396
5723,cluster_SalamanderID2025_397
5724,cluster_SalamanderID2025_398
5725,cluster_SalamanderID2025_399
5726,cluster_SalamanderID2025_400
5727,cluster_SalamanderID2025_401
5728,cluster_SalamanderID2025_402
5729,cluster_SalamanderID2025_403
5730,cluster_SalamanderID2025_404
5731,cluster_SalamanderID2025_405
5732,cluster_SalamanderID2025_406
5733,cluster_SalamanderID2025_407
5734,cluster_SalamanderID2025_408
5735,cluster_SalamanderID2025_409
5736,cluster_SalamanderID2025_410
5737,cluster_SalamanderID2025_411
5738,cluster_SalamanderID2025_412
5739,cluster_SalamanderID2025_413
5740,cluster_SalamanderID2025_414
5741,cluster_SalamanderID2025_415
5742,cluster_SalamanderID2025_416
5743,cluster_SalamanderID2025_417
5744,cluster_SalamanderID2025_418
5745,cluster_SalamanderID2025_419
5746,cluster_SalamanderID2025_420
5747,cluster_SalamanderID2025_421
5748,cluster_SalamanderID2025_422
5749,cluster_SalamanderID2025_423
5750,cluster_SalamanderID2025_424
5751,cluster_SalamanderID2025_425
5752,cluster_SalamanderID2025_426
5753,cluster_SalamanderID2025_427
5754,cluster_SalamanderID2025_25
5755,cluster_SalamanderID2025_428
5756,cluster_SalamanderID2025_429
5757,cluster_SalamanderID2025_430
5758,cluster_SalamanderID2025_431
5759,cluster_SalamanderID2025_432
5760,cluster_SalamanderID2025_433
5761,cluster_SalamanderID2025_25
5762,cluster_SalamanderID2025_25
5763,cluster_SalamanderID2025_434
5764,cluster_SalamanderID2025_435
5765,cluster_SalamanderID2025_436
5766,cluster_SalamanderID2025_437
5767,cluster_SalamanderID2025_438
5768,cluster_SalamanderID2025_439
5769,cluster_SalamanderID2025_440
5770,cluster_SalamanderID2025_441
5771,cluster_SalamanderID2025_442
5772,cluster_SalamanderID2025_443
5773,cluster_SalamanderID2025_444
5774,cluster_SalamanderID2025_445
5775,cluster_SalamanderID2025_446
5776,cluster_SalamanderID2025_447
5777,cluster_SalamanderID2025_448
5778,cluster_SalamanderID2025_449
5779,cluster_SalamanderID2025_450
5780,cluster_SalamanderID2025_451
5781,cluster_SalamanderID2025_452
5782,cluster_SalamanderID2025_453
5783,cluster_SalamanderID2025_454
5784,cluster_SalamanderID2025_455
5785,cluster_SalamanderID2025_456
5786,cluster_SalamanderID2025_457
5787,cluster_SalamanderID2025_458
5788,cluster_SalamanderID2025_459
5789,cluster_SalamanderID2025_460
5790,cluster_SalamanderID2025_461
5791,cluster_SalamanderID2025_462
5792,cluster_SalamanderID2025_463
5793,cluster_SalamanderID2025_464
5794,cluster_SalamanderID2025_465
5795,cluster_SalamanderID2025_466
5796,cluster_SalamanderID2025_26
5797,cluster_SalamanderID2025_467
5798,cluster_SalamanderID2025_468
5799,cluster_SalamanderID2025_469
5800,cluster_SalamanderID2025_470
5801,cluster_SalamanderID2025_471
5802,cluster_SalamanderID2025_472
5803,cluster_SalamanderID2025_473
5804,cluster_SalamanderID2025_474
5805,cluster_SalamanderID2025_475
5806,cluster_SalamanderID2025_476
5807,cluster_SalamanderID2025_477
5808,cluster_SalamanderID2025_478
5809,cluster_SalamanderID2025_26
5810,cluster_SalamanderID2025_479
5811,cluster_SalamanderID2025_480
5812,cluster_SalamanderID2025_481
5813,cluster_SalamanderID2025_8
5814,cluster_SalamanderID2025_482
5815,cluster_SalamanderID2025_483
5816,cluster_SalamanderID2025_484
5817,cluster_SalamanderID2025_485
5818,cluster_SalamanderID2025_486
5819,cluster_SalamanderID2025_487
5820,cluster_SalamanderID2025_26
5821,cluster_SalamanderID2025_488
5822,cluster_SalamanderID2025_489
5823,cluster_SalamanderID2025_490
5824,cluster_SalamanderID2025_491
5825,cluster_SalamanderID2025_492
5826,cluster_SalamanderID2025_493
5827,cluster_SalamanderID2025_494
5828,cluster_SalamanderID2025_495
5829,cluster_SalamanderID2025_496
5830,cluster_SalamanderID2025_497
5831,cluster_SalamanderID2025_498
5832,cluster_SalamanderID2025_499
5833,cluster_SalamanderID2025_26
5834,cluster_SalamanderID2025_500
5835,cluster_SalamanderID2025_501
5836,cluster_SalamanderID2025_502
5837,cluster_SalamanderID2025_503
5838,cluster_SalamanderID2025_504
5839,cluster_SalamanderID2025_505
5840,cluster_SalamanderID2025_506
5841,cluster_SalamanderID2025_507
5842,cluster_SalamanderID2025_508
5843,cluster_SalamanderID2025_509
5844,cluster_SalamanderID2025_510
5845,cluster_SalamanderID2025_511
5846,cluster_SalamanderID2025_512
5847,cluster_SalamanderID2025_513
5848,cluster_SalamanderID2025_514
5849,cluster_SalamanderID2025_515
5850,cluster_SalamanderID2025_516
5851,cluster_SalamanderID2025_517
5852,cluster_SalamanderID2025_518
5853,cluster_SalamanderID2025_519
5854,cluster_SalamanderID2025_520
5855,cluster_SalamanderID2025_521
5856,cluster_SalamanderID2025_522
5857,cluster_SalamanderID2025_523
5858,cluster_SalamanderID2025_524
5859,cluster_SalamanderID2025_26
5860,cluster_SalamanderID2025_525
5861,cluster_SalamanderID2025_526
5862,cluster_SalamanderID2025_527
5863,cluster_SalamanderID2025_528
5864,cluster_SalamanderID2025_529
5865,cluster_SalamanderID2025_530
5866,cluster_SalamanderID2025_531
5867,cluster_SalamanderID2025_532
5868,cluster_SalamanderID2025_533
5869,cluster_SalamanderID2025_534
5870,cluster_SalamanderID2025_535
5871,cluster_SalamanderID2025_536
5872,cluster_SalamanderID2025_537
5873,cluster_SalamanderID2025_538
5874,cluster_SalamanderID2025_539
5875,cluster_SalamanderID2025_540
5876,cluster_SalamanderID2025_541
5877,cluster_SalamanderID2025_542
5878,cluster_SalamanderID2025_543
5879,cluster_SalamanderID2025_544
5880,cluster_SalamanderID2025_545
5881,cluster_SalamanderID2025_546
5882,cluster_SalamanderID2025_547
5883,cluster_SalamanderID2025_548
5884,cluster_SalamanderID2025_549
5885,cluster_SalamanderID2025_550
5886,cluster_SalamanderID2025_551
5887,cluster_SalamanderID2025_552
5888,cluster_SalamanderID2025_553
5889,cluster_SalamanderID2025_554
5890,cluster_SalamanderID2025_555
5891,cluster_SalamanderID2025_556
5892,cluster_SalamanderID2025_557
5893,cluster_SalamanderID2025_558
5894,cluster_SalamanderID2025_559
5895,cluster_SalamanderID2025_560
5896,cluster_SalamanderID2025_561
5897,cluster_SalamanderID2025_562
5898,cluster_SalamanderID2025_563
5899,cluster_SalamanderID2025_564
5900,cluster_SalamanderID2025_565
5901,cluster_SalamanderID2025_566
5902,cluster_SalamanderID2025_567
5903,cluster_SalamanderID2025_568
5904,cluster_SalamanderID2025_26
5905,cluster_SalamanderID2025_569
5906,cluster_SalamanderID2025_27
5907,cluster_SalamanderID2025_26
5908,cluster_SalamanderID2025_570
5909,cluster_SalamanderID2025_571
5910,cluster_SalamanderID2025_572
5911,cluster_SalamanderID2025_573
5912,cluster_SalamanderID2025_574
5913,cluster_SalamanderID2025_575
5914,cluster_SalamanderID2025_576
5915,cluster_SalamanderID2025_577
5916,cluster_SalamanderID2025_578
5917,cluster_SalamanderID2025_27
5918,cluster_SalamanderID2025_579
5919,cluster_SalamanderID2025_27
5920,cluster_SalamanderID2025_580
5921,cluster_SalamanderID2025_26
5922,cluster_SalamanderID2025_581
5923,cluster_SalamanderID2025_582
5924,cluster_SalamanderID2025_583
5925,cluster_SalamanderID2025_584
5926,cluster_SalamanderID2025_585
5927,cluster_SalamanderID2025_586
5928,cluster_SalamanderID2025_587
5929,cluster_SalamanderID2025_588
5930,cluster_SalamanderID2025_589
5931,cluster_SalamanderID2025_590
5932,cluster_SalamanderID2025_591
5933,cluster_SalamanderID2025_592
5934,cluster_SalamanderID2025_593
5935,cluster_SalamanderID2025_594
5936,cluster_SalamanderID2025_26
5937,cluster_SalamanderID2025_595
5938,cluster_SalamanderID2025_596
5939,cluster_SalamanderID2025_597
5940,cluster_SalamanderID2025_26
5941,cluster_SalamanderID2025_598
5942,cluster_SalamanderID2025_599
5943,cluster_SalamanderID2025_600
5944,cluster_SalamanderID2025_601
5945,cluster_SalamanderID2025_602
5946,cluster_SalamanderID2025_603
5947,cluster_SalamanderID2025_604
5948,cluster_SalamanderID2025_605
5949,cluster_SalamanderID2025_606
5950,cluster_SalamanderID2025_607
5951,cluster_SalamanderID2025_608
5952,cluster_SalamanderID2025_609
5953,cluster_SalamanderID2025_610
5954,cluster_SalamanderID2025_611
5955,cluster_SalamanderID2025_612
5956,cluster_SalamanderID2025_613
5957,cluster_SalamanderID2025_614
5958,cluster_SalamanderID2025_615
5959,cluster_SalamanderID2025_22
5960,cluster_SalamanderID2025_616
5961,cluster_SalamanderID2025_617
5962,cluster_SalamanderID2025_618
5963,cluster_SalamanderID2025_619
5964,cluster_SalamanderID2025_26
5965,cluster_SalamanderID2025_26
5966,cluster_SalamanderID2025_620
5967,cluster_SalamanderID2025_621
5968,cluster_SalamanderID2025_622
5969,cluster_SalamanderID2025_623
5970,cluster_SalamanderID2025_624
5971,cluster_SalamanderID2025_625
5972,cluster_SalamanderID2025_26
5973,cluster_SalamanderID2025_626
5974,cluster_SalamanderID2025_627
5975,cluster_SalamanderID2025_628
5976,cluster_SalamanderID2025_629
5977,cluster_SalamanderID2025_630
5978,cluster_SalamanderID2025_631
5979,cluster_SalamanderID2025_632
14709,cluster_SeaTurtleID2022_0
14710,cluster_SeaTurtleID2022_1
14711,cluster_SeaTurtleID2022_2
14712,cluster_SeaTurtleID2022_82
14713,cluster_SeaTurtleID2022_83
14714,cluster_SeaTurtleID2022_3
14715,cluster_SeaTurtleID2022_84
14716,cluster_SeaTurtleID2022_4
14717,cluster_SeaTurtleID2022_85
14718,cluster_SeaTurtleID2022_5
14719,cluster_SeaTurtleID2022_86
14720,cluster_SeaTurtleID2022_6
14721,cluster_SeaTurtleID2022_5
14722,cluster_SeaTurtleID2022_87
14723,cluster_SeaTurtleID2022_88
14724,cluster_SeaTurtleID2022_7
14725,cluster_SeaTurtleID2022_8
14726,cluster_SeaTurtleID2022_9
14727,cluster_SeaTurtleID2022_10
14728,cluster_SeaTurtleID2022_89
14729,cluster_SeaTurtleID2022_11
14730,cluster_SeaTurtleID2022_90
14731,cluster_SeaTurtleID2022_12
14732,cluster_SeaTurtleID2022_10
14733,cluster_SeaTurtleID2022_91
14734,cluster_SeaTurtleID2022_13
14735,cluster_SeaTurtleID2022_14
14736,cluster_SeaTurtleID2022_92
14737,cluster_SeaTurtleID2022_15
14738,cluster_SeaTurtleID2022_16
14739,cluster_SeaTurtleID2022_17
14740,cluster_SeaTurtleID2022_18
14741,cluster_SeaTurtleID2022_93
14742,cluster_SeaTurtleID2022_94
14743,cluster_SeaTurtleID2022_95
14744,cluster_SeaTurtleID2022_96
14745,cluster_SeaTurtleID2022_97
14746,cluster_SeaTurtleID2022_19
14747,cluster_SeaTurtleID2022_98
14748,cluster_SeaTurtleID2022_17
14749,cluster_SeaTurtleID2022_20
14750,cluster_SeaTurtleID2022_21
14751,cluster_SeaTurtleID2022_22
14752,cluster_SeaTurtleID2022_99
14753,cluster_SeaTurtleID2022_100
14754,cluster_SeaTurtleID2022_0
14755,cluster_SeaTurtleID2022_20
14756,cluster_SeaTurtleID2022_101
14757,cluster_SeaTurtleID2022_102
14758,cluster_SeaTurtleID2022_23
14759,cluster_SeaTurtleID2022_103
14760,cluster_SeaTurtleID2022_24
14761,cluster_SeaTurtleID2022_104
14762,cluster_SeaTurtleID2022_105
14763,cluster_SeaTurtleID2022_106
14764,cluster_SeaTurtleID2022_25
14765,cluster_SeaTurtleID2022_20
14766,cluster_SeaTurtleID2022_107
14767,cluster_SeaTurtleID2022_26
14768,cluster_SeaTurtleID2022_27
14769,cluster_SeaTurtleID2022_28
14770,cluster_SeaTurtleID2022_108
14771,cluster_SeaTurtleID2022_109
14772,cluster_SeaTurtleID2022_110
14773,cluster_SeaTurtleID2022_111
14774,cluster_SeaTurtleID2022_29
14775,cluster_SeaTurtleID2022_30
14776,cluster_SeaTurtleID2022_31
14777,cluster_SeaTurtleID2022_32
14778,cluster_SeaTurtleID2022_33
14779,cluster_SeaTurtleID2022_34
14780,cluster_SeaTurtleID2022_112
14781,cluster_SeaTurtleID2022_2
14782,cluster_SeaTurtleID2022_27
14783,cluster_SeaTurtleID2022_113
14784,cluster_SeaTurtleID2022_12
14785,cluster_SeaTurtleID2022_114
14786,cluster_SeaTurtleID2022_115
14787,cluster_SeaTurtleID2022_35
14788,cluster_SeaTurtleID2022_116
14789,cluster_SeaTurtleID2022_24
14790,cluster_SeaTurtleID2022_117
14791,cluster_SeaTurtleID2022_36
14792,cluster_SeaTurtleID2022_37
14793,cluster_SeaTurtleID2022_22
14794,cluster_SeaTurtleID2022_38
14795,cluster_SeaTurtleID2022_39
14796,cluster_SeaTurtleID2022_28
14797,cluster_SeaTurtleID2022_118
14798,cluster_SeaTurtleID2022_119
14799,cluster_SeaTurtleID2022_120
14800,cluster_SeaTurtleID2022_121
14801,cluster_SeaTurtleID2022_35
14802,cluster_SeaTurtleID2022_122
14803,cluster_SeaTurtleID2022_123
14804,cluster_SeaTurtleID2022_40
14805,cluster_SeaTurtleID2022_124
14806,cluster_SeaTurtleID2022_33
14807,cluster_SeaTurtleID2022_41
14808,cluster_SeaTurtleID2022_40
14809,cluster_SeaTurtleID2022_125
14810,cluster_SeaTurtleID2022_126
14811,cluster_SeaTurtleID2022_42
14812,cluster_SeaTurtleID2022_43
14813,cluster_SeaTurtleID2022_127
14814,cluster_SeaTurtleID2022_128
14815,cluster_SeaTurtleID2022_129
14816,cluster_SeaTurtleID2022_130
14817,cluster_SeaTurtleID2022_131
14818,cluster_SeaTurtleID2022_44
14819,cluster_SeaTurtleID2022_45
14820,cluster_SeaTurtleID2022_10
14821,cluster_SeaTurtleID2022_20
14822,cluster_SeaTurtleID2022_132
14823,cluster_SeaTurtleID2022_46
14824,cluster_SeaTurtleID2022_7
14825,cluster_SeaTurtleID2022_30
14826,cluster_SeaTurtleID2022_133
14827,cluster_SeaTurtleID2022_47
14828,cluster_SeaTurtleID2022_134
14829,cluster_SeaTurtleID2022_135
14830,cluster_SeaTurtleID2022_136
14831,cluster_SeaTurtleID2022_137
14832,cluster_SeaTurtleID2022_3
14833,cluster_SeaTurtleID2022_138
14834,cluster_SeaTurtleID2022_48
14835,cluster_SeaTurtleID2022_139
14836,cluster_SeaTurtleID2022_140
14837,cluster_SeaTurtleID2022_49
14838,cluster_SeaTurtleID2022_31
14839,cluster_SeaTurtleID2022_0
14840,cluster_SeaTurtleID2022_141
14841,cluster_SeaTurtleID2022_50
14842,cluster_SeaTurtleID2022_142
14843,cluster_SeaTurtleID2022_143
14844,cluster_SeaTurtleID2022_51
14845,cluster_SeaTurtleID2022_144
14846,cluster_SeaTurtleID2022_145
14847,cluster_SeaTurtleID2022_52
14848,cluster_SeaTurtleID2022_41
14849,cluster_SeaTurtleID2022_146
14850,cluster_SeaTurtleID2022_147
14851,cluster_SeaTurtleID2022_148
14852,cluster_SeaTurtleID2022_40
14853,cluster_SeaTurtleID2022_149
14854,cluster_SeaTurtleID2022_150
14855,cluster_SeaTurtleID2022_50
14856,cluster_SeaTurtleID2022_151
14857,cluster_SeaTurtleID2022_1
14858,cluster_SeaTurtleID2022_152
14859,cluster_SeaTurtleID2022_53
14860,cluster_SeaTurtleID2022_153
14861,cluster_SeaTurtleID2022_27
14862,cluster_SeaTurtleID2022_154
14863,cluster_SeaTurtleID2022_30
14864,cluster_SeaTurtleID2022_155
14865,cluster_SeaTurtleID2022_156
14866,cluster_SeaTurtleID2022_54
14867,cluster_SeaTurtleID2022_157
14868,cluster_SeaTurtleID2022_0
14869,cluster_SeaTurtleID2022_55
14870,cluster_SeaTurtleID2022_158
14871,cluster_SeaTurtleID2022_159
14872,cluster_SeaTurtleID2022_160
14873,cluster_SeaTurtleID2022_56
14874,cluster_SeaTurtleID2022_4
14875,cluster_SeaTurtleID2022_0
14876,cluster_SeaTurtleID2022_161
14877,cluster_SeaTurtleID2022_162
14878,cluster_SeaTurtleID2022_163
14879,cluster_SeaTurtleID2022_164
14880,cluster_SeaTurtleID2022_165
14881,cluster_SeaTurtleID2022_40
14882,cluster_SeaTurtleID2022_57
14883,cluster_SeaTurtleID2022_166
14884,cluster_SeaTurtleID2022_167
14885,cluster_SeaTurtleID2022_168
14886,cluster_SeaTurtleID2022_169
14887,cluster_SeaTurtleID2022_170
14888,cluster_SeaTurtleID2022_171
14889,cluster_SeaTurtleID2022_172
14890,cluster_SeaTurtleID2022_173
14891,cluster_SeaTurtleID2022_37
14892,cluster_SeaTurtleID2022_174
14893,cluster_SeaTurtleID2022_175
14894,cluster_SeaTurtleID2022_176
14895,cluster_SeaTurtleID2022_58
14896,cluster_SeaTurtleID2022_177
14897,cluster_SeaTurtleID2022_36
14898,cluster_SeaTurtleID2022_178
14899,cluster_SeaTurtleID2022_179
14900,cluster_SeaTurtleID2022_46
14901,cluster_SeaTurtleID2022_59
14902,cluster_SeaTurtleID2022_30
14903,cluster_SeaTurtleID2022_45
14904,cluster_SeaTurtleID2022_180
14905,cluster_SeaTurtleID2022_48
14906,cluster_SeaTurtleID2022_181
14907,cluster_SeaTurtleID2022_182
14908,cluster_SeaTurtleID2022_183
14909,cluster_SeaTurtleID2022_60
14910,cluster_SeaTurtleID2022_61
14911,cluster_SeaTurtleID2022_184
14912,cluster_SeaTurtleID2022_5
14913,cluster_SeaTurtleID2022_185
14914,cluster_SeaTurtleID2022_186
14915,cluster_SeaTurtleID2022_187
14916,cluster_SeaTurtleID2022_62
14917,cluster_SeaTurtleID2022_29
14918,cluster_SeaTurtleID2022_22
14919,cluster_SeaTurtleID2022_49
14920,cluster_SeaTurtleID2022_188
14921,cluster_SeaTurtleID2022_63
14922,cluster_SeaTurtleID2022_19
14923,cluster_SeaTurtleID2022_189
14924,cluster_SeaTurtleID2022_2
14925,cluster_SeaTurtleID2022_64
14926,cluster_SeaTurtleID2022_23
14927,cluster_SeaTurtleID2022_0
14928,cluster_SeaTurtleID2022_65
14929,cluster_SeaTurtleID2022_190
14930,cluster_SeaTurtleID2022_48
14931,cluster_SeaTurtleID2022_40
14932,cluster_SeaTurtleID2022_191
14933,cluster_SeaTurtleID2022_192
14934,cluster_SeaTurtleID2022_66
14935,cluster_SeaTurtleID2022_4
14936,cluster_SeaTurtleID2022_193
14937,cluster_SeaTurtleID2022_67
14938,cluster_SeaTurtleID2022_194
14939,cluster_SeaTurtleID2022_29
14940,cluster_SeaTurtleID2022_195
14941,cluster_SeaTurtleID2022_30
14942,cluster_SeaTurtleID2022_68
14943,cluster_SeaTurtleID2022_33
14944,cluster_SeaTurtleID2022_196
14945,cluster_SeaTurtleID2022_197
14946,cluster_SeaTurtleID2022_3
14947,cluster_SeaTurtleID2022_198
14948,cluster_SeaTurtleID2022_49
14949,cluster_SeaTurtleID2022_199
14950,cluster_SeaTurtleID2022_200
14951,cluster_SeaTurtleID2022_201
14952,cluster_SeaTurtleID2022_55
14953,cluster_SeaTurtleID2022_35
14954,cluster_SeaTurtleID2022_36
14955,cluster_SeaTurtleID2022_202
14956,cluster_SeaTurtleID2022_203
14957,cluster_SeaTurtleID2022_204
14958,cluster_SeaTurtleID2022_21
14959,cluster_SeaTurtleID2022_205
14960,cluster_SeaTurtleID2022_6
14961,cluster_SeaTurtleID2022_13
14962,cluster_SeaTurtleID2022_206
14963,cluster_SeaTurtleID2022_207
14964,cluster_SeaTurtleID2022_22
14965,cluster_SeaTurtleID2022_0
14966,cluster_SeaTurtleID2022_9
14967,cluster_SeaTurtleID2022_208
14968,cluster_SeaTurtleID2022_69
14969,cluster_SeaTurtleID2022_70
14970,cluster_SeaTurtleID2022_30
14971,cluster_SeaTurtleID2022_54
14972,cluster_SeaTurtleID2022_209
14973,cluster_SeaTurtleID2022_22
14974,cluster_SeaTurtleID2022_5
14975,cluster_SeaTurtleID2022_16
14976,cluster_SeaTurtleID2022_50
14977,cluster_SeaTurtleID2022_30
14978,cluster_SeaTurtleID2022_210
14979,cluster_SeaTurtleID2022_211
14980,cluster_SeaTurtleID2022_212
14981,cluster_SeaTurtleID2022_63
14982,cluster_SeaTurtleID2022_213
14983,cluster_SeaTurtleID2022_214
14984,cluster_SeaTurtleID2022_215
14985,cluster_SeaTurtleID2022_71
14986,cluster_SeaTurtleID2022_59
14987,cluster_SeaTurtleID2022_216
14988,cluster_SeaTurtleID2022_63
14989,cluster_SeaTurtleID2022_72
14990,cluster_SeaTurtleID2022_40
14991,cluster_SeaTurtleID2022_27
14992,cluster_SeaTurtleID2022_217
14993,cluster_SeaTurtleID2022_32
14994,cluster_SeaTurtleID2022_62
14995,cluster_SeaTurtleID2022_218
14996,cluster_SeaTurtleID2022_73
14997,cluster_SeaTurtleID2022_219
14998,cluster_SeaTurtleID2022_220
14999,cluster_SeaTurtleID2022_221
15000,cluster_SeaTurtleID2022_222
15001,cluster_SeaTurtleID2022_36
15002,cluster_SeaTurtleID2022_52
15003,cluster_SeaTurtleID2022_223
15004,cluster_SeaTurtleID2022_43
15005,cluster_SeaTurtleID2022_51
15006,cluster_SeaTurtleID2022_224
15007,cluster_SeaTurtleID2022_6
15008,cluster_SeaTurtleID2022_225
15009,cluster_SeaTurtleID2022_1
15010,cluster_SeaTurtleID2022_74
15011,cluster_SeaTurtleID2022_226
15012,cluster_SeaTurtleID2022_24
15013,cluster_SeaTurtleID2022_227
15014,cluster_SeaTurtleID2022_70
15015,cluster_SeaTurtleID2022_29
15016,cluster_SeaTurtleID2022_48
15017,cluster_SeaTurtleID2022_228
15018,cluster_SeaTurtleID2022_58
15019,cluster_SeaTurtleID2022_229
15020,cluster_SeaTurtleID2022_230
15021,cluster_SeaTurtleID2022_231
15022,cluster_SeaTurtleID2022_232
15023,cluster_SeaTurtleID2022_75
15024,cluster_SeaTurtleID2022_233
15025,cluster_SeaTurtleID2022_234
15026,cluster_SeaTurtleID2022_69
15027,cluster_SeaTurtleID2022_235
15028,cluster_SeaTurtleID2022_236
15029,cluster_SeaTurtleID2022_76
15030,cluster_SeaTurtleID2022_237
15031,cluster_SeaTurtleID2022_238
15032,cluster_SeaTurtleID2022_239
15033,cluster_SeaTurtleID2022_52
15034,cluster_SeaTurtleID2022_240
15035,cluster_SeaTurtleID2022_241
15036,cluster_SeaTurtleID2022_20
15037,cluster_SeaTurtleID2022_77
15038,cluster_SeaTurtleID2022_66
15039,cluster_SeaTurtleID2022_242
15040,cluster_SeaTurtleID2022_67
15041,cluster_SeaTurtleID2022_243
15042,cluster_SeaTurtleID2022_244
15043,cluster_SeaTurtleID2022_245
15044,cluster_SeaTurtleID2022_27
15045,cluster_SeaTurtleID2022_246
15046,cluster_SeaTurtleID2022_53
15047,cluster_SeaTurtleID2022_44
15048,cluster_SeaTurtleID2022_78
15049,cluster_SeaTurtleID2022_247
15050,cluster_SeaTurtleID2022_248
15051,cluster_SeaTurtleID2022_0
15052,cluster_SeaTurtleID2022_249
15053,cluster_SeaTurtleID2022_60
15054,cluster_SeaTurtleID2022_69
15055,cluster_SeaTurtleID2022_2
15056,cluster_SeaTurtleID2022_79
15057,cluster_SeaTurtleID2022_22
15058,cluster_SeaTurtleID2022_74
15059,cluster_SeaTurtleID2022_3
15060,cluster_SeaTurtleID2022_250
15061,cluster_SeaTurtleID2022_14
15062,cluster_SeaTurtleID2022_251
15063,cluster_SeaTurtleID2022_252
15064,cluster_SeaTurtleID2022_78
15065,cluster_SeaTurtleID2022_253
15066,cluster_SeaTurtleID2022_254
15067,cluster_SeaTurtleID2022_48
15068,cluster_SeaTurtleID2022_2
15069,cluster_SeaTurtleID2022_255
15070,cluster_SeaTurtleID2022_73
15071,cluster_SeaTurtleID2022_37
15072,cluster_SeaTurtleID2022_30
15073,cluster_SeaTurtleID2022_256
15074,cluster_SeaTurtleID2022_257
15075,cluster_SeaTurtleID2022_258
15076,cluster_SeaTurtleID2022_26
15077,cluster_SeaTurtleID2022_259
15078,cluster_SeaTurtleID2022_260
15079,cluster_SeaTurtleID2022_261
15080,cluster_SeaTurtleID2022_21
15081,cluster_SeaTurtleID2022_23
15082,cluster_SeaTurtleID2022_11
15083,cluster_SeaTurtleID2022_262
15084,cluster_SeaTurtleID2022_263
15085,cluster_SeaTurtleID2022_264
15086,cluster_SeaTurtleID2022_11
15087,cluster_SeaTurtleID2022_265
15088,cluster_SeaTurtleID2022_56
15089,cluster_SeaTurtleID2022_266
15090,cluster_SeaTurtleID2022_44
15091,cluster_SeaTurtleID2022_47
15092,cluster_SeaTurtleID2022_42
15093,cluster_SeaTurtleID2022_21
15094,cluster_SeaTurtleID2022_267
15095,cluster_SeaTurtleID2022_8
15096,cluster_SeaTurtleID2022_46
15097,cluster_SeaTurtleID2022_268
15098,cluster_SeaTurtleID2022_72
15099,cluster_SeaTurtleID2022_269
15100,cluster_SeaTurtleID2022_270
15101,cluster_SeaTurtleID2022_10
15102,cluster_SeaTurtleID2022_271
15103,cluster_SeaTurtleID2022_75
15104,cluster_SeaTurtleID2022_272
15105,cluster_SeaTurtleID2022_273
15106,cluster_SeaTurtleID2022_33
15107,cluster_SeaTurtleID2022_274
15108,cluster_SeaTurtleID2022_39
15109,cluster_SeaTurtleID2022_275
15110,cluster_SeaTurtleID2022_276
15111,cluster_SeaTurtleID2022_12
15112,cluster_SeaTurtleID2022_58
15113,cluster_SeaTurtleID2022_277
15114,cluster_SeaTurtleID2022_23
15115,cluster_SeaTurtleID2022_278
15116,cluster_SeaTurtleID2022_279
15117,cluster_SeaTurtleID2022_280
15118,cluster_SeaTurtleID2022_31
15119,cluster_SeaTurtleID2022_75
15120,cluster_SeaTurtleID2022_281
15121,cluster_SeaTurtleID2022_64
15122,cluster_SeaTurtleID2022_282
15123,cluster_SeaTurtleID2022_26
15124,cluster_SeaTurtleID2022_25
15125,cluster_SeaTurtleID2022_15
15126,cluster_SeaTurtleID2022_283
15127,cluster_SeaTurtleID2022_26
15128,cluster_SeaTurtleID2022_61
15129,cluster_SeaTurtleID2022_65
15130,cluster_SeaTurtleID2022_80
15131,cluster_SeaTurtleID2022_284
15132,cluster_SeaTurtleID2022_285
15133,cluster_SeaTurtleID2022_286
15134,cluster_SeaTurtleID2022_80
15135,cluster_SeaTurtleID2022_287
15136,cluster_SeaTurtleID2022_288
15137,cluster_SeaTurtleID2022_67
15138,cluster_SeaTurtleID2022_18
15139,cluster_SeaTurtleID2022_289
15140,cluster_SeaTurtleID2022_6
15141,cluster_SeaTurtleID2022_290
15142,cluster_SeaTurtleID2022_291
15143,cluster_SeaTurtleID2022_292
15144,cluster_SeaTurtleID2022_25
15145,cluster_SeaTurtleID2022_293
15146,cluster_SeaTurtleID2022_294
15147,cluster_SeaTurtleID2022_295
15148,cluster_SeaTurtleID2022_63
15149,cluster_SeaTurtleID2022_0
15150,cluster_SeaTurtleID2022_38
15151,cluster_SeaTurtleID2022_296
15152,cluster_SeaTurtleID2022_13
15153,cluster_SeaTurtleID2022_297
15154,cluster_SeaTurtleID2022_68
15155,cluster_SeaTurtleID2022_57
15156,cluster_SeaTurtleID2022_30
15157,cluster_SeaTurtleID2022_298
15158,cluster_SeaTurtleID2022_34
15159,cluster_SeaTurtleID2022_299
15160,cluster_SeaTurtleID2022_53
15161,cluster_SeaTurtleID2022_300
15162,cluster_SeaTurtleID2022_301
15163,cluster_SeaTurtleID2022_302
15164,cluster_SeaTurtleID2022_73
15165,cluster_SeaTurtleID2022_303
15166,cluster_SeaTurtleID2022_304
15167,cluster_SeaTurtleID2022_30
15168,cluster_SeaTurtleID2022_69
15169,cluster_SeaTurtleID2022_24
15170,cluster_SeaTurtleID2022_305
15171,cluster_SeaTurtleID2022_79
15172,cluster_SeaTurtleID2022_306
15173,cluster_SeaTurtleID2022_6
15174,cluster_SeaTurtleID2022_15
15175,cluster_SeaTurtleID2022_21
15176,cluster_SeaTurtleID2022_307
15177,cluster_SeaTurtleID2022_32
15178,cluster_SeaTurtleID2022_81
15179,cluster_SeaTurtleID2022_308
15180,cluster_SeaTurtleID2022_309
15181,cluster_SeaTurtleID2022_310
15182,cluster_SeaTurtleID2022_311
15183,cluster_SeaTurtleID2022_75
15184,cluster_SeaTurtleID2022_312
15185,cluster_SeaTurtleID2022_313
15186,cluster_SeaTurtleID2022_66
15187,cluster_SeaTurtleID2022_314
15188,cluster_SeaTurtleID2022_76
15189,cluster_SeaTurtleID2022_315
15190,cluster_SeaTurtleID2022_81
15191,cluster_SeaTurtleID2022_316
15192,cluster_SeaTurtleID2022_317
15193,cluster_SeaTurtleID2022_80
15194,cluster_SeaTurtleID2022_71
15195,cluster_SeaTurtleID2022_59
15196,cluster_SeaTurtleID2022_25
15197,cluster_SeaTurtleID2022_1
15198,cluster_SeaTurtleID2022_69
15199,cluster_SeaTurtleID2022_77
15200,cluster_SeaTurtleID2022_76
15201,cluster_SeaTurtleID2022_79
15202,cluster_SeaTurtleID2022_318
15203,cluster_SeaTurtleID2022_38
15204,cluster_SeaTurtleID2022_319
15205,cluster_SeaTurtleID2022_320
15206,cluster_SeaTurtleID2022_3
15207,cluster_SeaTurtleID2022_321
15208,cluster_SeaTurtleID2022_37
15209,cluster_TexasHornedLizards_13
15210,cluster_TexasHornedLizards_14
15211,cluster_TexasHornedLizards_15
15212,cluster_TexasHornedLizards_16
15213,cluster_TexasHornedLizards_17
15214,cluster_TexasHornedLizards_18
15215,cluster_TexasHornedLizards_19
15216,cluster_TexasHornedLizards_20
15217,cluster_TexasHornedLizards_21
15218,cluster_TexasHornedLizards_22
15219,cluster_TexasHornedLizards_23
15220,cluster_TexasHornedLizards_24
15221,cluster_TexasHornedLizards_25
15222,cluster_TexasHornedLizards_26
15223,cluster_TexasHornedLizards_27
15224,cluster_TexasHornedLizards_28
15225,cluster_TexasHornedLizards_29
15226,cluster_TexasHornedLizards_30
15227,cluster_TexasHornedLizards_31
15228,cluster_TexasHornedLizards_32
15229,cluster_TexasHornedLizards_33
15230,cluster_TexasHornedLizards_34
15231,cluster_TexasHornedLizards_35
15232,cluster_TexasHornedLizards_36
15233,cluster_TexasHornedLizards_37
15234,cluster_TexasHornedLizards_38
15235,cluster_TexasHornedLizards_39
15236,cluster_TexasHornedLizards_40
15237,cluster_TexasHornedLizards_41
15238,cluster_TexasHornedLizards_42
15239,cluster_TexasHornedLizards_43
15240,cluster_TexasHornedLizards_44
15241,cluster_TexasHornedLizards_45
15242,cluster_TexasHornedLizards_46
15243,cluster_TexasHornedLizards_47
15244,cluster_TexasHornedLizards_48
15245,cluster_TexasHornedLizards_49
15246,cluster_TexasHornedLizards_50
15247,cluster_TexasHornedLizards_51
15248,cluster_TexasHornedLizards_52
15249,cluster_TexasHornedLizards_53
15250,cluster_TexasHornedLizards_54
15251,cluster_TexasHornedLizards_55
15252,cluster_TexasHornedLizards_56
15253,cluster_TexasHornedLizards_57
15254,cluster_TexasHornedLizards_58
15255,cluster_TexasHornedLizards_59
15256,cluster_TexasHornedLizards_60
15257,cluster_TexasHornedLizards_0
15258,cluster_TexasHornedLizards_61
15259,cluster_TexasHornedLizards_62
15260,cluster_TexasHornedLizards_63
15261,cluster_TexasHornedLizards_64
15262,cluster_TexasHornedLizards_65
15263,cluster_TexasHornedLizards_66
15264,cluster_TexasHornedLizards_67
15265,cluster_TexasHornedLizards_68
15266,cluster_TexasHornedLizards_69
15267,cluster_TexasHornedLizards_70
15268,cluster_TexasHornedLizards_1
15269,cluster_TexasHornedLizards_71
15270,cluster_TexasHornedLizards_72
15271,cluster_TexasHornedLizards_73
15272,cluster_TexasHornedLizards_74
15273,cluster_TexasHornedLizards_2
15274,cluster_TexasHornedLizards_75
15275,cluster_TexasHornedLizards_3
15276,cluster_TexasHornedLizards_76
15277,cluster_TexasHornedLizards_77
15278,cluster_TexasHornedLizards_78
15279,cluster_TexasHornedLizards_79
15280,cluster_TexasHornedLizards_4
15281,cluster_TexasHornedLizards_5
15282,cluster_TexasHornedLizards_80
15283,cluster_TexasHornedLizards_81
15284,cluster_TexasHornedLizards_82
15285,cluster_TexasHornedLizards_83
15286,cluster_TexasHornedLizards_84
15287,cluster_TexasHornedLizards_85
15288,cluster_TexasHornedLizards_86
15289,cluster_TexasHornedLizards_87
15290,cluster_TexasHornedLizards_88
15291,cluster_TexasHornedLizards_89
15292,cluster_TexasHornedLizards_90
15293,cluster_TexasHornedLizards_6
15294,cluster_TexasHornedLizards_91
15295,cluster_TexasHornedLizards_92
15296,cluster_TexasHornedLizards_93
15297,cluster_TexasHornedLizards_94
15298,cluster_TexasHornedLizards_95
15299,cluster_TexasHornedLizards_96
15300,cluster_TexasHornedLizards_97
15301,cluster_TexasHornedLizards_98
15302,cluster_TexasHornedLizards_99
15303,cluster_TexasHornedLizards_100
15304,cluster_TexasHornedLizards_101
15305,cluster_TexasHornedLizards_102
15306,cluster_TexasHornedLizards_103
15307,cluster_TexasHornedLizards_104
15308,cluster_TexasHornedLizards_105
15309,cluster_TexasHornedLizards_106
15310,cluster_TexasHornedLizards_107
15311,cluster_TexasHornedLizards_7
15312,cluster_TexasHornedLizards_108
15313,cluster_TexasHornedLizards_109
15314,cluster_TexasHornedLizards_110
15315,cluster_TexasHornedLizards_2
15316,cluster_TexasHornedLizards_111
15317,cluster_TexasHornedLizards_112
15318,cluster_TexasHornedLizards_113
15319,cluster_TexasHornedLizards_114
15320,cluster_TexasHornedLizards_115
15321,cluster_TexasHornedLizards_116
15322,cluster_TexasHornedLizards_117
15323,cluster_TexasHornedLizards_118
15324,cluster_TexasHornedLizards_119
15325,cluster_TexasHornedLizards_120
15326,cluster_TexasHornedLizards_121
15327,cluster_TexasHornedLizards_122
15328,cluster_TexasHornedLizards_123
15329,cluster_TexasHornedLizards_124
15330,cluster_TexasHornedLizards_125
15331,cluster_TexasHornedLizards_126
15332,cluster_TexasHornedLizards_127
15333,cluster_TexasHornedLizards_128
15334,cluster_TexasHornedLizards_129
15335,cluster_TexasHornedLizards_130
15336,cluster_TexasHornedLizards_131
15337,cluster_TexasHornedLizards_132
15338,cluster_TexasHornedLizards_8
15339,cluster_TexasHornedLizards_133
15340,cluster_TexasHornedLizards_134
15341,cluster_TexasHornedLizards_135
15342,cluster_TexasHornedLizards_136
15343,cluster_TexasHornedLizards_137
15344,cluster_TexasHornedLizards_138
15345,cluster_TexasHornedLizards_139
15346,cluster_TexasHornedLizards_9
15347,cluster_TexasHornedLizards_140
15348,cluster_TexasHornedLizards_141
15349,cluster_TexasHornedLizards_142
15350,cluster_TexasHornedLizards_143
15351,cluster_TexasHornedLizards_144
15352,cluster_TexasHornedLizards_145
15353,cluster_TexasHornedLizards_146
15354,cluster_TexasHornedLizards_147
15355,cluster_TexasHornedLizards_148
15356,cluster_TexasHornedLizards_149
15357,cluster_TexasHornedLizards_150
15358,cluster_TexasHornedLizards_151
15359,cluster_TexasHornedLizards_152
15360,cluster_TexasHornedLizards_153
15361,cluster_TexasHornedLizards_154
15362,cluster_TexasHornedLizards_155
15363,cluster_TexasHornedLizards_156
15364,cluster_TexasHornedLizards_0
15365,cluster_TexasHornedLizards_157
15366,cluster_TexasHornedLizards_158
15367,cluster_TexasHornedLizards_159
15368,cluster_TexasHornedLizards_4
15369,cluster_TexasHornedLizards_160
15370,cluster_TexasHornedLizards_161
15371,cluster_TexasHornedLizards_162
15372,cluster_TexasHornedLizards_5
15373,cluster_TexasHornedLizards_163
15374,cluster_TexasHornedLizards_164
15375,cluster_TexasHornedLizards_165
15376,cluster_TexasHornedLizards_166
15377,cluster_TexasHornedLizards_167
15378,cluster_TexasHornedLizards_168
15379,cluster_TexasHornedLizards_169
15380,cluster_TexasHornedLizards_170
15381,cluster_TexasHornedLizards_171
15382,cluster_TexasHornedLizards_172
15383,cluster_TexasHornedLizards_173
15384,cluster_TexasHornedLizards_174
15385,cluster_TexasHornedLizards_10
15386,cluster_TexasHornedLizards_175
15387,cluster_TexasHornedLizards_8
15388,cluster_TexasHornedLizards_176
15389,cluster_TexasHornedLizards_1
15390,cluster_TexasHornedLizards_177
15391,cluster_TexasHornedLizards_178
15392,cluster_TexasHornedLizards_3
15393,cluster_TexasHornedLizards_179
15394,cluster_TexasHornedLizards_180
15395,cluster_TexasHornedLizards_181
15396,cluster_TexasHornedLizards_182
15397,cluster_TexasHornedLizards_183
15398,cluster_TexasHornedLizards_11
15399,cluster_TexasHornedLizards_184
15400,cluster_TexasHornedLizards_185
15401,cluster_TexasHornedLizards_186
15402,cluster_TexasHornedLizards_187
15403,cluster_TexasHornedLizards_188
15404,cluster_TexasHornedLizards_189
15405,cluster_TexasHornedLizards_190
15406,cluster_TexasHornedLizards_191
15407,cluster_TexasHornedLizards_192
15408,cluster_TexasHornedLizards_193
15409,cluster_TexasHornedLizards_194
15410,cluster_TexasHornedLizards_195
15411,cluster_TexasHornedLizards_196
15412,cluster_TexasHornedLizards_197
15413,cluster_TexasHornedLizards_198
15414,cluster_TexasHornedLizards_9
15415,cluster_TexasHornedLizards_199
15416,cluster_TexasHornedLizards_200
15417,cluster_TexasHornedLizards_11
15418,cluster_TexasHornedLizards_201
15419,cluster_TexasHornedLizards_202
15420,cluster_TexasHornedLizards_203
15421,cluster_TexasHornedLizards_6
15422,cluster_TexasHornedLizards_204
15423,cluster_TexasHornedLizards_205
15424,cluster_TexasHornedLizards_206
15425,cluster_TexasHornedLizards_207
15426,cluster_TexasHornedLizards_208
15427,cluster_TexasHornedLizards_209
15428,cluster_TexasHornedLizards_210
15429,cluster_TexasHornedLizards_211
15430,cluster_TexasHornedLizards_212
15431,cluster_TexasHornedLizards_213
15432,cluster_TexasHornedLizards_214
15433,cluster_TexasHornedLizards_215
15434,cluster_TexasHornedLizards_216
15435,cluster_TexasHornedLizards_217
15436,cluster_TexasHornedLizards_7
15437,cluster_TexasHornedLizards_218
15438,cluster_TexasHornedLizards_219
15439,cluster_TexasHornedLizards_220
15440,cluster_TexasHornedLizards_221
15441,cluster_TexasHornedLizards_222
15442,cluster_TexasHornedLizards_223
15443,cluster_TexasHornedLizards_10
15444,cluster_TexasHornedLizards_224
15445,cluster_TexasHornedLizards_12
15446,cluster_TexasHornedLizards_225
15447,cluster_TexasHornedLizards_226
15448,cluster_TexasHornedLizards_227
15449,cluster_TexasHornedLizards_7
15450,cluster_TexasHornedLizards_228
15451,cluster_TexasHornedLizards_229
15452,cluster_TexasHornedLizards_230
15453,cluster_TexasHornedLizards_231
15454,cluster_TexasHornedLizards_232
15455,cluster_TexasHornedLizards_233
15456,cluster_TexasHornedLizards_234
15457,cluster_TexasHornedLizards_235
15458,cluster_TexasHornedLizards_236
15459,cluster_TexasHornedLizards_237
15460,cluster_TexasHornedLizards_238
15461,cluster_TexasHornedLizards_239
15462,cluster_TexasHornedLizards_240
15463,cluster_TexasHornedLizards_241
15464,cluster_TexasHornedLizards_242
15465,cluster_TexasHornedLizards_12
15466,cluster_TexasHornedLizards_243
15467,cluster_TexasHornedLizards_244
15468,cluster_TexasHornedLizards_245
15469,cluster_TexasHornedLizards_246
15470,cluster_TexasHornedLizards_247
15471,cluster_TexasHornedLizards_248
15472,cluster_TexasHornedLizards_249
15473,cluster_TexasHornedLizards_250
15474,cluster_TexasHornedLizards_251
15475,cluster_TexasHornedLizards_252
15476,cluster_TexasHornedLizards_253
15477,cluster_TexasHornedLizards_254
15478,cluster_TexasHornedLizards_255
15479,cluster_TexasHornedLizards_256
15480,cluster_TexasHornedLizards_257
15481,cluster_TexasHornedLizards_258
15482,cluster_TexasHornedLizards_259
